palavra,radical,dificuldade
abaixo,abaix,0
aberta,abert,0
aberto,abert,0
abra,abra,0
abre,abre,0
abrir,abrir,0
absolutamente,absolut,0
acaba,acab,0
acabado,acab,0
acabamos,acab,0
acabar,acab,0
acampamento,acamp,0
acaso,acas,0
aceita,aceit,0
aceitar,aceit,0
aceito,aceit,0
acesso,acess,0
acha,acha,0
acham,acham,0
achamos,acham,0
achar,achar,0
achou,achou,0
acidente,acident,0
acima,acim,0
acontece,acontec,0
acontecendo,acontec,0
acontecer,acontec,0
acontecerá,acontec,0
aconteceu,acontec,0
acontecido,acontec,0
aconteça,acontec,0
acordar,acord,0
acorde,acord,0
acordo,acord,0
acredita,acredit,0
acreditar,acredit,0
acredite,acredit,0
adeus,adeus,0
admitir,admit,0
adora,ador,0
adoro,ador,0
adorável,adoravel,0
advogado,advog,0
aeroporto,aeroport,0
afinal,afinal,0
agente,agent,0
agentes,agent,0
agir,agir,0
agradecer,agradec,0
agradeço,agradec,0
agradável,agradavel,0
ajuda,ajud,0
ajudar,ajud,0
ajude,ajud,0
alan,alan,0
alegria,alegr,0
alemães,alema,0
alemão,alema,0
alerta,alert,0
algum,algum,0
algumas,algum,0
alguns,alguns,0
alma,alma,0
almoço,almoc,0
alta,alta,0
alto,alto,0
altura,altur,0
alvo,alvo,0
além,alem,0
alô,alo,0
ama,ama,0
amanhã,amanh,0
amante,amant,0
amar,amar,0
amava,amav,0
ambos,ambos,0
ameaça,ameac,0
amei,ame,0
americano,american,0
americanos,american,0
amiga,amig,0
amigas,amig,0
amigo,amig,0
amigos,amig,0
amizade,amizad,0
amo,amo,0
amor,amor,0
anda,anda,0
andar,andar,0
anel,anel,0
animais,anim,0
animal,animal,0
aniversário,aniversari,0
anjo,anjo,0
ano,ano,0
anos,anos,0
anteriormente,anterior,0
antiga,antig,0
antigo,antig,0
antigos,antig,0
aonde,aond,0
apaixonado,apaixon,0
aparece,aparec,0
aparecer,aparec,0
apareceu,aparec,0
aparentemente,aparent,0
apartamento,apart,0
aparência,aparenc,0
apesar,apes,0
apoio,apoi,0
apostar,apost,0
aposto,apost,0
app,app,0
aprender,aprend,0
aprendi,aprend,0
apresenta,apresent,0
apresentar,apresent,0
apresentação,apresentaca,0
após,apos,0
aquelas,aquel,0
aquele,aquel,0
aqueles,aquel,0
aquilo,aquil,0
areia,are,0
arma,arma,0
armadilha,armadilh,0
armas,armas,0
armário,armari,0
arquivo,arquiv,0
arquivos,arquiv,0
arranjar,arranj,0
arriscar,arrisc,0
arrumar,arrum,0
arte,arte,0
artista,artist,0
assassinato,assassinat,0
assassino,assassin,0
assinar,assin,0
assistente,assistent,0
assistir,assist,0
assumir,assum,0
assunto,assunt,0
assustador,assust,0
atacar,atac,0
ataque,ataqu,0
atender,atend,0
atenção,atenca,0
atirar,atir,0
atire,atir,0
ato,ato,0
atrasado,atras,0
através,atrav,0
atrás,atras,0
aula,aul,0
aulas,aul,0
avisar,avis,0
aviso,avis,0
avião,avia,0
avó,avo,0
azul,azul,0
ação,aca,0
ações,aco,0
babaca,babac,0
baby,baby,0
bagunça,bagunc,0
baile,bail,0
baixo,baix,0
bala,bal,0
balas,bal,0
banco,banc,0
banda,band,0
bando,band,0
banheiro,banheir,0
banho,banh,0
bar,bar,0
barco,barc,0
barulho,barulh,0
base,bas,0
basicamente,basic,0
basta,bast,0
bastante,bastant,0
batalha,batalh,0
bate,bat,0
bater,bat,0
bateu,bat,0
beba,beb,0
beber,beb,0
bebida,beb,0
bebidas,beb,0
bebê,beb,0
bebês,beb,0
beijar,beij,0
beijo,beij,0
bela,bel,0
beleza,belez,0
belo,bel,0
besteira,besteir,0
big,big,0
bilhete,bilhet,0
boa,boa,0
boas,boas,0
bobo,bob,0
boca,boc,0
bola,bol,0
bolas,bol,0
bolo,bol,0
bolsa,bols,0
bolso,bols,0
bomba,bomb,0
bonita,bonit,0
bonito,bonit,0
bons,bons,0
bordo,bord,0
branca,branc,0
branco,branc,0
bravo,brav,0
braço,brac,0
braços,brac,0
breve,brev,0
briga,brig,0
brilhante,brilhant,0
brincadeira,brincadeir,0
brincando,brinc,0
brincar,brinc,0
bruxa,brux,0
bunda,bund,0
buraco,burac,0
busca,busc,0
buscar,busc,0
bêbado,beb,0
cabelo,cabel,0
cabeça,cabec,0
cabo,cab,0
cachorro,cachorr,0
cadeia,cad,0
cadeira,cadeir,0
cadê,cad,0
café,caf,0
cai,cai,0
cair,cair,0
caiu,caiu,0
caixa,caix,0
cala,cal,0
cale,cal,0
calma,calm,0
calmo,calm,0
calor,calor,0
calças,calc,0
cama,cam,0
caminho,caminh,0
caminhão,caminha,0
camisa,camis,0
campanha,campanh,0
campo,camp,0
cansada,cans,0
cansado,cans,0
cantar,cant,0
canto,cant,0
canção,canca,0
capaz,capaz,0
capitão,capita,0
cara,car,0
caralho,caralh,0
caramba,caramb,0
caras,car,0
carga,carg,0
carne,carn,0
caro,car,0
carona,caron,0
carreira,carreir,0
carro,carr,0
carros,carr,0
carta,cart,0
cartas,cart,0
carteira,carteir,0
cartão,carta,0
casa,cas,0
casaco,casac,0
casada,cas,0
casado,cas,0
casal,casal,0
casamento,casament,0
casar,cas,0
casas,cas,0
casos,cas,0
castelo,castel,0
causa,caus,0
cavalheiro,cavalheir,0
cavalheiros,cavalheir,0
cavalo,caval,0
cavalos,caval,0
caça,cac,0
cedo,ced,0
celular,celul,0
cem,cem,0
cena,cen,0
centenas,centen,0
central,central,0
centro,centr,0
cerca,cerc,0
certa,cert,0
certamente,cert,0
cerveja,cervej,0
chama,cham,0
chamada,cham,0
chamado,cham,0
chamar,cham,0
chame,cham,0
chamo,cham,0
chance,chanc,0
chances,chanc,0
chapéu,chap,0
chat,chat,0
chato,chat,0
chave,chav,0
chaves,chav,0
checar,chec,0
chefe,chef,0
chega,cheg,0
chegamos,cheg,0
chegar,cheg,0
chegou,cheg,0
cheia,che,0
cheio,chei,0
cheiro,cheir,0
cheque,chequ,0
chocolate,chocolat,0
choque,choqu,0
chorar,chor,0
chuva,chuv,0
chá,cha,0
chão,cha,0
cidade,cidad,0
cigarro,cigarr,0
cima,cim,0
cinco,cinc,0
cinema,cinem,0
cirurgia,cirurg,0
ciência,cienc,0
clara,clar,0
claramente,clar,0
cliente,client,0
clientes,client,0
clube,club,0
coisa,cois,0
coisas,cois,0
colega,coleg,0
colegas,coleg,0
coloca,coloc,0
colocar,coloc,0
coloque,coloqu,0
coma,com,0
comandante,comand,0
come,com,0
comece,comec,0
comer,com,0
comeu,com,0
começa,comec,0
começamos,comec,0
começar,comec,0
começo,comec,0
começou,comec,0
comida,com,0
companheiro,companheir,0
companhia,companh,0
competição,competica,0
completa,complet,0
completamente,complet,0
completo,complet,0
complicado,complic,0
comportamento,comport,0
comprar,compr,0
compras,compr,0
computador,comput,0
comum,comum,0
comunidade,comun,0
concordo,concord,0
condição,condica,0
condições,condico,0
conexão,conexa,0
confia,conf,0
confiança,confianc,0
confiar,confi,0
confie,confi,0
confio,confi,0
confortável,confortavel,0
confuso,confus,0
confusão,confusa,0
conhece,conhec,0
conhecer,conhec,0
conheceu,conhec,0
conheci,conhec,0
conhecia,conhec,0
conhecido,conhec,0
conhecimento,conhec,0
conheço,conhec,0
conosco,conosc,0
consciência,conscienc,0
consegue,conseg,0
consegui,consegu,0
conseguia,consegu,0
conseguimos,consegu,0
conseguir,consegu,0
conseguiu,consegu,0
conselho,conselh,0
consertar,consert,0
consiga,consig,0
consigo,consig,0
construir,constru,0
conta,cont,0
contar,cont,0
contas,cont,0
contato,contat,0
conte,cont,0
contente,content,0
contigo,contig,0
continua,continu,0
continuar,continu,0
continue,continu,0
conto,cont,0
contrato,contrat,0
controlar,control,0
controle,control,0
contrário,contrari,0
conversa,convers,0
conversamos,convers,0
conversar,convers,0
convidado,convid,0
convidados,convid,0
copo,cop,0
cor,cor,0
coração,coraca,0
corda,cord,0
coronel,coronel,0
corpo,corp,0
corpos,corp,0
corra,corr,0
corre,corr,0
corredor,corredor,0
correr,corr,0
correto,corret,0
corrida,corr,0
cortar,cort,0
corte,cort,0
costa,cost,0
costas,cost,0
covarde,covard,0
cozinha,cozinh,0
creio,crei,0
crescer,cresc,0
criança,crianc,0
crianças,crianc,0
criar,cri,0
crime,crim,0
crimes,crim,0
criou,cri,0
cristo,crist,0
cruel,cruel,0
crédito,credit,0
cuidado,cuid,0
cuidar,cuid,0
cuide,cuid,0
cuido,cuid,0
culpa,culp,0
culpado,culp,0
curso,curs,0
câmera,cam,0
câmeras,cam,0
câncer,canc,0
cães,caes,0
cão,cao,0
cérebro,cerebr,0
céu,ceu,0
céus,ceus,0
código,codig,0
dado,dad,0
dados,dad,0
dama,dam,0
dando,dand,0
dança,danc,0
dançar,danc,0
daquela,daquel,0
daquele,daquel,0
daqueles,daquel,0
daqui,daqu,0
darei,dar,0
daria,dar,0
dará,dar,0
data,dat,0
debaixo,debaix,0
decidi,decid,0
decidir,decid,0
decidiu,decid,0
decisão,decisa,0
dedo,ded,0
dedos,ded,0
defesa,defes,0
definitivamente,definit,0
dei,dei,0
deixa,deix,0
deixado,deix,0
deixar,deix,0
deixou,deix,0
delas,del,0
delegacia,delegac,0
demorar,demor,0
demônio,demoni,0
dentes,dent,0
dentro,dentr,0
departamento,depart,0
depende,depend,0
depressa,depress,0
der,der,0
deram,der,0
desafio,desafi,0
desapareceu,desaparec,0
descansar,descans,0
descer,desc,0
descobri,descobr,0
descobrir,descobr,0
descobriu,descobr,0
desculpa,desculp,0
desculpar,desculp,0
desculpas,desculp,0
deseja,desej,0
desejo,desej,0
deserto,desert,0
desgraçado,desgrac,0
desistir,desist,0
desligar,deslig,0
dessa,dess,0
dessas,dess,0
desse,dess,0
desses,dess,0
desta,dest,0
deste,dest,0
destino,destin,0
destruir,destru,0
detalhes,detalh,0
detetive,detetiv,0
deus,deus,0
deuses,deus,0
deva,dev,0
devagar,devag,0
devem,dev,0
dever,dev,0
deveria,dev,0
deveríamos,deveri,0
devia,dev,0
devido,dev,0
devolver,devolv,0
devíamos,devi,0
dez,dez,0
dia,dia,0
diabo,diab,0
diabos,diab,0
diante,diant,0
dias,dias,0
diferente,diferent,0
diferentes,diferent,0
diferença,diferenc,0
difíceis,dific,0
difícil,dificil,0
diga,dig,0
digamos,dig,0
digitais,digit,0
digo,dig,0
dinheiro,dinheir,0
direi,dir,0
direita,direit,0
direito,direit,0
direitos,direit,0
direto,diret,0
diretor,diretor,0
direção,direca,0
diria,dir,0
dirigir,dirig,0
discurso,discurs,0
discutir,discut,0
disser,diss,0
disto,dist,0
distância,distanc,0
dito,dit,0
diversão,diversa,0
divertido,divert,0
divertir,divert,0
divórcio,divorci,0
diz,diz,0
dizem,diz,0
dizia,diz,0
dna,dna,0
doce,doc,0
doces,doc,0
documentos,document,0
doente,doent,0
doença,doenc,0
domingo,doming,0
don,don,0
dono,don,0
dor,dor,0
dormir,dorm,0
dormiu,dorm,0
dou,dou,0
doutor,doutor,0
droga,drog,0
drogas,drog,0
duas,duas,0
dura,dur,0
durante,durant,0
duro,dur,0
duvido,duv,0
dão,dao,0
dói,doi,0
dólares,dol,0
dúvida,duv,0
efeito,efeit,0
elas,elas,0
embaixo,embaix,0
embora,embor,0
emergência,emergenc,0
emoji,emoj,0
emprego,empreg,0
empresa,empres,0
encontra,encontr,0
encontrado,encontr,0
encontramos,encontr,0
encontrar,encontr,0
encontre,encontr,0
encontro,encontr,0
endereço,enderec,0
energia,energ,0
enfermeira,enfermeir,0
enfim,enfim,0
enfrentar,enfrent,0
engraçado,engrac,0
enorme,enorm,0
ensinar,ensin,0
entanto,entant,0
entende,entend,0
entender,entend,0
entendeu,entend,0
entendi,entend,0
entendido,entend,0
entra,entra,0
entrada,entrad,0
entrar,entrar,0
entre,entre,0
entrega,entreg,0
entregar,entreg,0
entrevista,entrev,0
enviar,envi,0
envolvido,envolv,0
episódio,episodi,0
equipe,equip,0
eram,eram,0
errada,errad,0
erro,erro,0
erros,erros,0
escapar,escap,0
escola,escol,0
escolha,escolh,0
escolher,escolh,0
escolheu,escolh,0
esconder,escond,0
escondido,escond,0
escrever,escrev,0
escreveu,escrev,0
escrito,escrit,0
escritório,escritori,0
escuro,escur,0
escuta,escut,0
escutar,escut,0
escute,escut,0
espada,espad,0
espaço,espac,0
especiais,espec,0
especial,especial,0
especialmente,especial,0
espelho,espelh,0
espera,esper,0
esperamos,esper,0
esperando,esper,0
esperança,esperanc,0
esperar,esper,0
espere,esper,0
espero,esper,0
esperto,espert,0
esposa,espos,0
espécie,espec,0
espírito,espirit,0
esquece,esquec,0
esquecer,esquec,0
esqueceu,esquec,0
esqueci,esquec,0
esquerda,esquerd,0
esqueça,esquec,0
estado,estad,0
estados,estad,0
estará,estar,0
estarão,estara,0
estas,estas,0
estavam,estav,0
estação,estaca,0
esteja,estej,0
estes,estes,0
esteve,estev,0
estilo,estil,0
estive,estiv,0
estiver,estiv,0
estivesse,estiv,0
estrada,estrad,0
estranha,estranh,0
estranho,estranh,0
estranhos,estranh,0
estrela,estrel,0
estrelas,estrel,0
estudar,estud,0
estávamos,estav,0
estômago,estomag,0
estúpida,estup,0
estúpido,estup,0
eua,eua,0
evento,event,0
evidência,evidenc,0
evidências,evidenc,0
evitar,evit,0
exame,exam,0
exatamente,exat,0
exato,exat,0
excelente,excelent,0
exceto,excet,0
exemplo,exempl,0
existe,exist,0
experiência,experienc,0
explicar,explic,0
explodir,explod,0
explosão,explosa,0
extra,extra,0
exército,exercit,0
faculdade,faculdad,0
fala,fal,0
falam,fal,0
falamos,fal,0
falando,fal,0
fale,fal,0
falei,fal,0
falo,fal,0
falou,fal,0
falso,fals,0
falta,falt,0
familiar,famili,0
famoso,famos,0
família,famil,0
famílias,famil,0
fantasia,fantas,0
fantasma,fantasm,0
fantástico,fantast,0
farei,far,0
faria,far,0
fará,far,0
fato,fat,0
fatos,fat,0
favorito,favorit,0
fazem,faz,0
fazenda,fazend,0
fazia,faz,0
faça,fac,0
façam,fac,0
fbi,fbi,0
fechado,fech,0
fechar,fech,0
feche,fech,0
feita,feit,0
felicidade,felic,0
feliz,feliz,0
felizes,feliz,0
ferido,fer,0
festa,fest,0
fez,fez,0
ficado,fic,0
ficam,fic,0
ficamos,fic,0
ficará,fic,0
fico,fic,0
ficou,fic,0
fila,fil,0
filha,filh,0
filho,filh,0
filhos,filh,0
filme,film,0
filmes,film,0
fim,fim,0
final,final,0
finalmente,final,0
fingir,fing,0
fiquei,fiqu,0
firme,firm,0
fita,fit,0
fiz,fiz,0
fizer,fiz,0
flores,flor,0
floresta,florest,0
foder,fod,0
fogo,fog,0
folga,folg,0
fome,fom,0
fomos,fom,0
fonte,font,0
fora,for,0
foram,for,0
forma,form,0
forte,fort,0
fortes,fort,0
força,forc,0
forças,forc,0
foto,fot,0
fotos,fot,0
fraco,frac,0
francês,franc,0
frango,frang,0
frente,frent,0
frio,fri,0
fronteira,fronteir,0
fugir,fug,0
fugiu,fug,0
fui,fui,0
fumar,fum,0
funciona,funcion,0
funcionar,funcion,0
fundo,fund,0
fundos,fund,0
funeral,funeral,0
futebol,futebol,0
futuro,futur,0
fábrica,fabric,0
fácil,facil,0
férias,fer,0
ganha,ganh,0
ganhar,ganh,0
garantir,garant,0
garganta,gargant,0
garota,garot,0
garotas,garot,0
garoto,garot,0
garotos,garot,0
garrafa,garraf,0
gato,gat,0
gay,gay,0
gelo,gel,0
general,general,0
gente,gent,0
gentil,gentil,0
geral,geral,0
geralmente,geral,0
gerente,gerent,0
gigante,gigant,0
golpe,golp,0
gosta,gost,0
gostar,gost,0
gostaria,gost,0
gosto,gost,0
governo,govern,0
grana,gran,0
grande,grand,0
grandes,grand,0
grave,grav,0
graça,grac,0
graças,grac,0
gritar,grit,0
grupo,grup,0
grávida,grav,0
guarda,guard,0
guardar,guard,0
guardas,guard,0
guerra,guerr,0
gás,gas,0
gênio,geni,0
haja,haj,0
haver,hav,0
haverá,hav,0
havia,hav,0
hein,hein,0
henry,henry,0
herói,hero,0
história,histor,0
histórias,histor,0
homem,hom,0
homens,homens,0
homicídio,homicidi,0
honesto,honest,0
honra,honr,0
hora,hor,0
horas,hor,0
horrível,horrivel,0
hospital,hospital,0
hotel,hotel,0
houve,houv,0
humana,human,0
humanidade,human,0
humano,human,0
humanos,human,0
humor,humor,0
idade,idad,0
ideia,ide,0
identidade,ident,0
idiota,idiot,0
idiotas,idiot,0
ido,ido,0
igreja,igrej,0
iguais,igu,0
igual,igual,0
ilha,ilha,0
imagens,imagens,0
imaginar,imagin,0
imagine,imagin,0
imagino,imagin,0
imbecil,imbecil,0
imediatamente,imediat,0
impedir,imped,0
importante,import,0
importantes,import,0
importo,import,0
impossível,impossivel,0
imprensa,imprens,0
impressionante,impression,0
impressão,impressa,0
inacreditável,inacreditavel,0
incrível,incrivel,0
incêndio,incendi,0
indo,indo,0
infelizmente,infeliz,0
inferno,infern,0
informação,informaca,0
informações,informaco,0
inglês,ingles,0
inimigo,inimig,0
inimigos,inimig,0
inocente,inocent,0
inspetor,inspetor,0
instagram,instagr,0
instante,instant,0
inteira,inteir,0
inteiro,inteir,0
inteligente,inteligent,0
inteligência,inteligenc,0
intenção,intenca,0
interessa,interess,0
interessado,interess,0
interessante,interess,0
interior,interior,0
internet,internet,0
inverno,invern,0
investigação,investigaca,0
invés,inves,0
início,inici,0
inútil,inutil,0
irei,ire,0
iria,iri,0
irmã,irma,0
irmão,irma,0
irmãos,irma,0
irmãs,irmas,0
irá,ira,0
irão,ira,0
jamais,jam,0
janela,janel,0
jantar,jant,0
jardim,jardim,0
jason,jason,0
jeito,jeit,0
jesus,jesus,0
joga,jog,0
jogar,jog,0
jogo,jog,0
jogos,jog,0
jogou,jog,0
jornais,jorn,0
jornal,jornal,0
jovem,jov,0
jovens,jovens,0
juiz,juiz,0
julgamento,julgament,0
juntar,junt,0
juntas,junt,0
junto,junt,0
juntos,junt,0
juro,jur,0
justiça,justic,0
justo,just,0
júri,jur,0
laboratório,laboratori,0
lado,lad,0
ladrão,ladra,0
lago,lag,0
lamento,lament,0
lance,lanc,0
lar,lar,0
lavar,lav,0
legal,legal,0
legenda,legend,0
legendas,legend,0
lei,lei,0
leite,leit,0
lembra,lembr,0
lembrar,lembr,0
lembro,lembr,0
leo,leo,0
ler,ler,0
leste,lest,0
leva,lev,0
levado,lev,0
levantar,levant,0
levante,levant,0
levar,lev,0
leve,lev,0
levei,lev,0
levo,lev,0
levou,lev,0
lhes,lhes,0
liberdade,liberdad,0
licença,licenc,0
lidar,lid,0
liga,lig,0
ligado,lig,0
ligar,lig,0
ligação,ligaca,0
ligações,ligaco,0
ligo,lig,0
ligou,lig,0
ligue,lig,0
limite,limit,0
limites,limit,0
limpa,limp,0
limpar,limp,0
limpo,limp,0
linda,lind,0
lindo,lind,0
linha,linh,0
lista,list,0
livrar,livr,0
livre,livr,0
livro,livr,0
livros,livr,0
lixo,lix,0
lição,lica,0
local,local,0
logo,log,0
loja,loj,0
longa,long,0
longe,long,0
longo,long,0
louca,louc,0
louco,louc,0
loucos,louc,0
loucura,loucur,0
lua,lua,0
lugar,lug,0
lugares,lug,0
luta,lut,0
lutar,lut,0
luz,luz,0
luzes,luz,0
líder,lid,0
língua,lingu,0
machucar,machuc,0
madame,madam,0
madeira,madeir,0
magia,mag,0
maior,maior,0
maiores,maior,0
maioria,maior,0
majestade,majestad,0
major,major,0
mal,mal,0
mala,mal,0
maldita,maldit,0
maldito,maldit,0
maldição,maldica,0
maluco,maluc,0
mamãe,mama,0
manda,mand,0
mandado,mand,0
mandar,mand,0
mande,mand,0
maneira,maneir,0
manhã,manh,0
mano,man,0
mantenha,mantenh,0
manter,mant,0
mapa,map,0
mar,mar,0
maravilha,maravilh,0
maravilhosa,maravilh,0
maravilhoso,maravilh,0
marca,marc,0
marido,mar,0
marinha,marinh,0
massa,mass,0
mata,mat,0
matado,mat,0
matar,mat,0
mate,mat,0
matei,mat,0
material,material,0
matou,mat,0
mau,mau,0
max,max,0
medo,med,0
meia,mei,0
meio,mei,0
mel,mel,0
melhorar,melhor,0
melhores,melhor,0
membro,membr,0
membros,membr,0
meme,mem,0
memória,memor,0
menina,menin,0
meninas,menin,0
menino,menin,0
meninos,menin,0
menor,menor,0
menos,men,0
mensagens,mensagens,0
mente,ment,0
mentir,ment,0
mentira,ment,0
mentiras,ment,0
mentiroso,mentir,0
mentiu,ment,0
mercado,merc,0
merda,merd,0
merece,merec,0
mesa,mes,0
meses,mes,0
mesma,mesm,0
mesmos,mesm,0
mestre,mestr,0
metade,metad,0
metros,metr,0
mexa,mex,0
mexer,mex,0
mil,mil,0
milagre,milagr,0
milhares,milh,0
milhão,milha,0
milhões,milho,0
militar,milit,0
ministro,ministr,0
minuto,minut,0
minutos,minut,0
miss,miss,0
missão,missa,0
moda,mod,0
modelo,model,0
modo,mod,0
momento,moment,0
momentos,moment,0
monstro,monstr,0
montanha,montanh,0
montanhas,montanh,0
monte,mont,0
mora,mor,0
morar,mor,0
morgan,morgan,0
morre,morr,0
morrer,morr,0
morreu,morr,0
morta,mort,0
morte,mort,0
morto,mort,0
mortos,mort,0
mostra,mostr,0
mostrar,mostr,0
mostre,mostr,0
motivo,motiv,0
motor,motor,0
motorista,motor,0
mover,mov,0
movimento,moviment,0
moça,moc,0
muda,mud,0
mudança,mudanc,0
mudar,mud,0
mudou,mud,0
muita,muit,0
muitas,muit,0
muitos,muit,0
mulher,mulh,0
mulheres,mulh,0
mundial,mundial,0
mundo,mund,0
mágica,magic,0
máquina,maquin,0
máximo,maxim,0
mãe,mae,0
mão,mao,0
mãos,maos,0
médica,medic,0
médico,medic,0
médicos,medic,0
mês,mes,0
mínimo,minim,0
música,music,0
músicas,music,0
nacional,nacional,0
namorada,namor,0
namorado,namor,0
naquela,naquel,0
naquele,naquel,0
nariz,nariz,0
nas,nas,0
nasceu,nasc,0
natal,natal,0
natural,natural,0
natureza,natur,0
nave,nav,0
navio,navi,0
necessidade,necess,0
necessário,necessari,0
negra,negr,0
negro,negr,0
negros,negr,0
negócio,negoci,0
negócios,negoci,0
nela,nel,0
neles,nel,0
nenhum,nenhum,0
nerd,nerd,0
nervosa,nervos,0
nervoso,nervos,0
nessa,ness,0
nesse,ness,0
nesta,nest,0
neste,nest,0
neve,nev,0
nisso,niss,0
nisto,nist,0
noel,noel,0
noite,noit,0
noites,noit,0
noiva,noiv,0
nojento,nojent,0
nome,nom,0
nomes,nom,0
normal,normal,0
normalmente,normal,0
norte,nort,0
nossas,noss,0
nota,not,0
notas,not,0
notícia,notic,0
notícias,notic,0
nova,nov,0
novamente,nov,0
novas,nov,0
nove,nov,0
novo,nov,0
novos,nov,0
numa,num,0
nível,nivel,0
número,numer,0
números,numer,0
objetivo,objet,0
obrigada,obrig,0
obter,obter,0
obviamente,obvi,0
ocupada,ocup,0
ocupado,ocup,0
odeia,ode,0
odeio,odei,0
oeste,oest,0
oferecer,oferec,0
oferta,ofert,0
offline,offlin,0
oficial,oficial,0
oito,oit,0
olha,olha,0
olhada,olhad,0
olhando,olhand,0
olhar,olhar,0
olhe,olhe,0
olhem,olhem,0
olho,olho,0
olhos,olhos,0
olá,ola,0
online,onlin,0
ontem,ontem,0
operação,operaca,0
opinião,opinia,0
oportunidade,oportun,0
opção,opca,0
ora,ora,0
ordem,ordem,0
ordens,ordens,0
orgulho,orgulh,0
orgulhoso,orgulh,0
original,original,0
ossos,ossos,0
ouro,our,0
outras,outr,0
ouve,ouv,0
ouvi,ouv,0
ouvido,ouv,0
ouvidos,ouv,0
ouvir,ouv,0
ouviu,ouv,0
ovos,ovos,0
paciente,pacient,0
pacientes,pacient,0
padre,padr,0
padrão,padra,0
paga,pag,0
pagamento,pagament,0
pagar,pag,0
pago,pag,0
pagou,pag,0
pai,pai,0
pais,pais,0
paixão,paixa,0
palavra,palavr,0
palavras,palavr,0
palco,palc,0
papai,papa,0
papel,papel,0
par,par,0
parabéns,parabens,0
parada,par,0
parado,par,0
parar,par,0
parceiro,parceir,0
pare,par,0
parecer,parec,0
pareceu,parec,0
parecia,parec,0
parecido,parec,0
parede,pared,0
parem,par,0
parou,par,0
parque,parqu,0
parte,part,0
partes,part,0
particular,particul,0
partido,part,0
partir,part,0
passa,pass,0
passada,pass,0
passado,pass,0
passamos,pass,0
passar,pass,0
passe,pass,0
passeio,passei,0
passo,pass,0
passou,pass,0
pau,pau,0
paz,paz,0
pedaço,pedac,0
pedaços,pedac,0
pedi,ped,0
pedido,ped,0
pedir,ped,0
pediu,ped,0
pedra,pedr,0
pedras,pedr,0
pega,peg,0
pegamos,peg,0
pegar,peg,0
pego,peg,0
pegou,peg,0
pegue,peg,0
peito,peit,0
peixe,peix,0
pelas,pel,0
pele,pel,0
pelos,pel,0
pena,pen,0
pensa,pens,0
pensado,pens,0
pensamos,pens,0
pensando,pens,0
pensar,pens,0
pense,pens,0
pensei,pens,0
penso,pens,0
pequena,pequen,0
pequenas,pequen,0
pequeno,pequen,0
pequenos,pequen,0
percebe,perceb,0
perceber,perceb,0
percebeu,perceb,0
percebi,perceb,0
perda,perd,0
perder,perd,0
perdeu,perd,0
perdi,perd,0
perdido,perd,0
perdão,perda,0
perfeita,perfeit,0
perfeitamente,perfeit,0
perfeito,perfeit,0
pergunta,pergunt,0
perguntar,pergunt,0
perguntas,pergunt,0
pergunte,pergunt,0
pergunto,pergunt,0
perigo,perig,0
perigoso,perig,0
permissão,permissa,0
permitir,permit,0
perna,pern,0
pernas,pern,0
pertence,pertenc,0
perto,pert,0
período,period,0
pesadelo,pesadel,0
pesado,pes,0
pescoço,pescoc,0
peso,pes,0
pesquisa,pesquis,0
pessoa,pesso,0
pessoal,pessoal,0
pessoalmente,pessoal,0
pessoas,pesso,0
peça,pec,0
peço,pec,0
piada,piad,0
piloto,pilot,0
pior,pior,0
piscina,piscin,0
pista,pist,0
pix,pix,0
pizza,pizz,0
placa,plac,0
planeta,planet,0
plano,plan,0
planos,plan,0
pobre,pobr,0
podcast,podcast,0
podem,pod,0
poder,pod,0
poderes,pod,0
poderoso,poder,0
poderá,pod,0
poderíamos,poderi,0
podia,pod,0
podíamos,podi,0
pois,pois,0
policiais,polic,0
policial,policial,0
polícia,polic,0
política,polit,0
ponha,ponh,0
ponte,pont,0
ponto,pont,0
pontos,pont,0
porco,porc,0
porquê,porqu,0
porra,porr,0
porta,port,0
portanto,portant,0
portas,port,0
porém,por,0
posição,posica,0
possa,poss,0
possamos,poss,0
possível,possivel,0
posto,post,0
pouco,pouc,0
poucos,pouc,0
pouquinho,pouquinh,0
povo,pov,0
praia,pra,0
praticamente,pratic,0
prato,prat,0
prazer,praz,0
precisamos,precis,0
precisar,precis,0
prefeito,prefeit,0
prefiro,prefir,0
prender,prend,0
preocupa,preocup,0
preocupada,preocup,0
preocupado,preocup,0
preocupar,preocup,0
preocupe,preocup,0
preparado,prepar,0
preparar,prepar,0
presa,pres,0
presente,present,0
presentes,present,0
presença,presenc,0
presidente,president,0
preso,pres,0
presos,pres,0
pressa,press,0
pressão,pressa,0
prestes,prest,0
preto,pret,0
preço,prec,0
primeira,primeir,0
primeiro,primeir,0
primeiros,primeir,0
primo,prim,0
princesa,princes,0
principal,principal,0
principalmente,principal,0
prisão,prisa,0
problema,problem,0
problemas,problem,0
processo,process,0
procura,procur,0
procurando,procur,0
procurar,procur,0
professor,professor,0
professora,professor,0
profissional,profissional,0
programa,program,0
projeto,projet,0
promessa,promess,0
prometeu,promet,0
prometo,promet,0
pronta,pront,0
prontos,pront,0
propriedade,propriedad,0
propósito,proposit,0
proteger,proteg,0
proteção,proteca,0
prova,prov,0
provar,prov,0
provas,prov,0
provavelmente,provavel,0
prédio,predi,0
prêmio,premi,0
príncipe,princip,0
própria,propr,0
próprias,propr,0
próprio,propri,0
próprios,propri,0
próxima,proxim,0
próximo,proxim,0
próximos,prox,0
pude,pud,0
puder,pud,0
puta,put,0
puxa,pux,0
página,pagin,0
pára,par,0
pássaro,passar,0
pânico,panic,0
pão,pao,0
pés,pes,0
pôde,pod,0
pôr,por,0
público,public,0
quais,qua,0
qualidade,qualidad,0
quantas,quant,0
quantos,quant,0
quarto,quart,0
quatro,quatr,0
quebrado,quebr,0
quebrar,quebr,0
queda,qued,0
queijo,queij,0
queira,queir,0
quente,quent,0
querem,quer,0
querer,quer,0
querida,quer,0
querido,quer,0
questão,questa,0
quieto,quiet,0
quis,quis,0
quão,qua,0
rainha,rainh,0
raio,rai,0
raiva,raiv,0
rapaz,rapaz,0
rapazes,rapaz,0
rapidamente,rapid,0
rato,rat,0
razão,raza,0
razões,razo,0
real,real,0
realidade,realidad,0
realmente,realment,0
receber,receb,0
recebeu,receb,0
recebi,receb,0
receio,recei,0
recentemente,recent,0
recompensa,recompens,0
recuperar,recuper,0
rede,red,0
redor,redor,0
registro,registr,0
registros,registr,0
regra,regr,0
regras,regr,0
rei,rei,0
reino,rein,0
relacionamento,relacion,0
relatório,relatori,0
relaxe,relax,0
relação,relaca,0
relógio,relogi,0
repente,repent,0
resolver,resolv,0
respeito,respeit,0
respirar,respir,0
responda,respond,0
responder,respond,0
responsabilidade,respons,0
responsável,responsavel,0
resposta,respost,0
respostas,respost,0
restaurante,restaur,0
resto,rest,0
resultado,result,0
resultados,result,0
reunião,reunia,0
revista,revist,0
revisão,revisa,0
rico,ric,0
ridículo,ridicul,0
rindo,rind,0
rio,rio,0
rir,rir,0
risco,risc,0
rock,rock,0
roma,rom,0
rosa,ros,0
rose,ros,0
rosto,rost,0
roubado,roub,0
roubar,roub,0
roubo,roub,0
roupa,roup,0
roupas,roup,0
rua,rua,0
ruas,ruas,0
ruim,ruim,0
ruins,ruins,0
rádio,radi,0
rápida,rap,0
rápido,rap,0
sabem,sab,0
saberia,sab,0
sabia,sab,0
saco,sac,0
sai,sai,0
saia,sai,0
saiam,sai,0
saiba,saib,0
sair,sair,0
saiu,saiu,0
sala,sal,0
salvar,salv,0
salvo,salv,0
sangue,sang,0
santa,sant,0
santo,sant,0
sapatos,sapat,0
sargento,sargent,0
saída,said,0
saúde,saud,0
secreto,secret,0
sede,sed,0
segredo,segred,0
segredos,segred,0
seguida,segu,0
seguinte,seguint,0
seguir,segu,0
segunda,segund,0
segundo,segund,0
segundos,segund,0
segura,segur,0
segurança,seguranc,0
segurar,segur,0
segure,segur,0
seguro,segur,0
seis,seis,0
sejam,sej,0
selfie,selfi,0
semana,seman,0
semanas,seman,0
senhor,senhor,0
senhora,senhor,0
senhoras,senhor,0
senhores,senhor,0
senhorita,senhorit,0
sensação,sensaca,0
sentado,sent,0
sentar,sent,0
sente,sent,0
senti,sent,0
sentia,sent,0
sentido,sent,0
sentimento,sentiment,0
sentimentos,sentiment,0
sentir,sent,0
sentiu,sent,0
senão,sena,0
sequer,sequ,0
serei,ser,0
serem,ser,0
seria,ser,0
serve,serv,0
servir,serv,0
serviço,servic,0
serão,sera,0
sete,set,0
sexo,sex,0
sexual,sexual,0
sexy,sexy,0
show,show,0
sido,sid,0
siga,sig,0
significa,signif,0
silêncio,silenci,0
simples,simpl,0
simplesmente,simples,0
sinais,sin,0
sinal,sinal,0
sincronia,sincron,0
sinta,sint,0
sistema,sistem,0
situação,situaca,0
smartphone,smartphon,0
soa,soa,0
sob,sob,0
sobreviver,sobreviv,0
social,social,0
sociedade,sociedad,0
socorro,socorr,0
sofá,sof,0
sol,sol,0
soldado,sold,0
soldados,sold,0
solo,sol,0
solta,solt,0
solte,solt,0
solução,soluca,0
som,som,0
somente,soment,0
sonho,sonh,0
sonhos,sonh,0
sono,son,0
sorriso,sorris,0
sorte,sort,0
soube,soub,0
sozinha,sozinh,0
sozinho,sozinh,0
sozinhos,sozinh,0
subir,sub,0
sucesso,sucess,0
suficiente,suficient,0
suicídio,suicidi,0
sujeito,sujeit,0
sujo,suj,0
sul,sul,0
sumiu,sum,0
super,sup,0
superior,superior,0
suponho,suponh,0
surpresa,surpres,0
surpreso,surpres,0
suspeito,suspeit,0
sábado,sab,0
século,secul,0
série,seri,0
sério,seri,0
tal,tal,0
talento,talent,0
tamanho,tamanh,0
tanta,tant,0
tantas,tant,0
tantos,tant,0
tarde,tard,0
tarefa,taref,0
tchau,tchau,0
teatro,teatr,0
tecnologia,tecnolog,0
telefone,telefon,0
televisão,televisa,0
temo,tem,0
tempestade,tempestad,0
tempo,temp,0
temporada,tempor,0
tempos,temp,0
tendo,tend,0
tenente,tenent,0
tenha,tenh,0
tenta,tent,0
tentar,tent,0
tentativa,tentat,0
tente,tent,0
teoria,teor,0
terceira,terceir,0
terceiro,terceir,0
terei,ter,0
terem,ter,0
terminar,termin,0
termos,term,0
terra,terr,0
terrível,terrivel,0
terá,ter,0
terão,tera,0
teste,test,0
testemunha,testemunh,0
testemunhas,testemunh,0
testes,test,0
teu,teu,0
thomas,thom,0
tia,tia,0
tido,tid,0
tiktok,tiktok,0
tim,tim,0
time,tim,0
tio,tio,0
tipo,tip,0
tipos,tip,0
tira,tir,0
tirar,tir,0
tire,tir,0
tiro,tir,0
tirou,tir,0
tiver,tiv,0
toca,toc,0
tocar,toc,0
todas,tod,0
tolo,tol,0
tom,tom,0
toma,tom,0
tomar,tom,0
tome,tom,0
tomei,tom,0
tomou,tom,0
topo,top,0
toque,toqu,0
torna,torn,0
tornar,torn,0
torre,torr,0
total,total,0
totalmente,total,0
trabalha,trabalh,0
trabalhando,trabalh,0
trabalhar,trabalh,0
trabalho,trabalh,0
tradução,traduca,0
traga,trag,0
transar,trans,0
traseiro,traseir,0
trata,trat,0
tratamento,tratament,0
tratar,trat,0
traz,traz,0
trazer,traz,0
treinador,treinador,0
treinamento,treinament,0
trem,trem,0
tribunal,tribunal,0
triste,trist,0
troca,troc,0
trocar,troc,0
trouxe,troux,0
truque,truqu,0
trás,tras,0
três,tres,0
tua,tua,0
táxi,tax,0
tínhamos,tinh,0
ultimamente,ultim,0
umas,umas,0
unidade,unidad,0
unidos,unid,0
universidade,univers,0
universo,univers,0
usa,usa,0
usado,usad,0
usar,usar,0
use,use,0
uso,uso,0
usou,usou,0
vaca,vac,0
vadia,vad,0
vale,val,0
valeu,val,0
valor,valor,0
van,van,0
vazio,vazi,0
veja,vej,0
vejam,vej,0
velha,velh,0
velho,velh,0
velhos,velh,0
velocidade,veloc,0
vem,vem,0
vemos,vem,0
vencer,venc,0
venda,vend,0
vender,vend,0
vendo,vend,0
venha,venh,0
venho,venh,0
vento,vent,0
verdade,verdad,0
verdadeira,verdadeir,0
verdadeiro,verdadeir,0
verde,verd,0
vergonha,vergonh,0
verificar,verific,0
vermelha,vermelh,0
vermelho,vermelh,0
versão,versa,0
verá,ver,0
verão,vera,0
vestido,vest,0
vestir,vest,0
vezes,vez,0
via,via,0
viajar,viaj,0
vida,vid,0
vidas,vid,0
vim,vim,0
vimos,vim,0
vindo,vind,0
vingança,vinganc,0
vinho,vinh,0
vinte,vint,0
violência,violenc,0
viral,viral,0
viram,vir,0
virar,vir,0
virou,vir,0
virá,vir,0
visita,visit,0
visitar,visit,0
vista,vist,0
visto,vist,0
visão,visa,0
vitória,vitor,0
viu,viu,0
viva,viv,0
vive,viv,0
viver,viv,0
vivo,viv,0
vivos,viv,0
voar,voar,0
volta,volt,0
voltamos,volt,0
voltar,volt,0
voltará,volt,0
volte,volt,0
volto,volt,0
voltou,volt,0
vontade,vontad,0
voo,voo,0
votos,vot,0
vovó,vov,0
voz,voz,0
várias,var,0
vários,vari,0
vídeo,vid,0
vítima,vitim,0
vítimas,vitim,0
whatsapp,whatsapp,0
wifi,wif,0
xerife,xerif,0
youtube,youtub,0
zero,zer,0
zona,zon,0
água,agu,0
área,are,0
árvore,arvor,0
árvores,arvor,0
época,epoc,0
éramos,eram,0
óbvio,obvi,0
óculos,ocul,0
ótima,otim,0
ótimo,otim,0
ônibus,onibus,0
última,ultim,0
últimas,ultim,0
último,ultim,0
últimos,ultim,0
única,unic,0
único,unic,0
útil,util,0
abaixe,abaix,1
abandonado,abandon,1
abandonar,abandon,1
abençoe,abenco,1
abertos,abert,1
abertura,abertur,1
abram,abram,1
abraço,abrac,1
abrigo,abrig,1
abril,abril,1
abriu,abriu,1
absoluta,absolut,1
absurdo,absurd,1
acabe,acab,1
acabo,acab,1
academia,academ,1
acalmar,acalm,1
aceite,aceit,1
acertar,acert,1
achado,achad,1
ache,ache,1
acompanhar,acompanh,1
aconteceria,acontec,1
acorda,acord,1
acordado,acord,1
acostumado,acostum,1
acostumar,acostum,1
acreditamos,acredit,1
acusado,acus,1
acusação,acusaca,1
acusações,acusaco,1
adianta,adiant,1
adiante,adiant,1
adivinha,adivinh,1
adivinhar,adivinh,1
adivinhe,adivinh,1
administração,administraca,1
admito,admit,1
adolescente,adolescent,1
adolescentes,adolescent,1
adorar,ador,1
adulto,adult,1
adultos,adult,1
advogada,advog,1
advogados,advog,1
afastar,afast,1
age,age,1
agenda,agend,1
agosto,agost,1
agressão,agressa,1
aguarde,aguard,1
aguenta,aguent,1
aguentar,aguent,1
aguente,aguent,1
aguento,aguent,1
agência,agenc,1
ajudará,ajud,1
ajudo,ajud,1
ala,ala,1
alarme,alarm,1
albert,albert,1
alcance,alcanc,1
alcançar,alcanc,1
aldeia,alde,1
alegre,alegr,1
aliança,alianc,1
alicia,alic,1
alienígena,alienigen,1
alimentar,aliment,1
aliás,ali,1
almas,almas,1
almirante,almir,1
almoçar,almoc,1
altamente,alt,1
alternativa,altern,1
alteza,altez,1
altos,altos,1
aluguel,aluguel,1
aluno,alun,1
alunos,alun,1
alívio,alivi,1
amada,amad,1
amado,amad,1
amam,amam,1
amamos,amam,1
amanhecer,amanhec,1
amantes,amant,1
amarelo,amarel,1
ambas,ambas,1
ambiente,ambient,1
ambulância,ambulanc,1
americana,american,1
amigável,amigavel,1
amigão,amiga,1
amostra,amostr,1
amostras,amostr,1
amou,amou,1
amável,amavel,1
amém,amem,1
ana,ana,1
ande,ande,1
andei,ande,1
andem,andem,1
ando,ando,1
andou,andou,1
angel,angel,1
animada,anim,1
animado,anim,1
anjos,anjos,1
ansioso,ansios,1
anterior,anterior,1
anthony,anthony,1
antigas,antig,1
análise,analis,1
anúncio,anunci,1
apagar,apag,1
apaixonada,apaixon,1
apanhar,apanh,1
aparelho,aparelh,1
apareça,aparec,1
apertado,apert,1
apertar,apert,1
aperte,apert,1
apetite,apetit,1
apoiar,apoi,1
aposta,apost,1
apostas,apost,1
aprecio,apreci,1
aprendeu,aprend,1
apressar,apress,1
apropriado,apropri,1
aproveitar,aproveit,1
aproveite,aproveit,1
aproximadamente,aproxim,1
aproximar,aproxim,1
apuros,apur,1
aranha,aranh,1
armado,armad,1
arrancar,arranc,1
arrepender,arrepend,1
arriscado,arrisc,1
arrogante,arrog,1
arroz,arroz,1
arruinar,arruin,1
arrume,arrum,1
artes,artes,1
artigo,artig,1
artistas,artist,1
asas,asas,1
assalto,assalt,1
assassina,assassin,1
assassinado,assassin,1
assassinatos,assassinat,1
assassinos,assassin,1
assegurar,assegur,1
assinatura,assinatur,1
assine,assin,1
assuntos,assunt,1
assusta,assust,1
assustada,assust,1
assustado,assust,1
assustar,assust,1
ataques,ataqu,1
atenda,atend,1
atende,atend,1
atingido,ating,1
atingir,ating,1
atingiu,ating,1
atira,atir,1
atirador,atir,1
atitude,atitud,1
atividade,ativ,1
atividades,ativ,1
atmosfera,atmosf,1
ator,ator,1
atores,ator,1
atos,atos,1
atraente,atraent,1
atrasada,atras,1
atrasados,atras,1
atrasar,atras,1
atraso,atras,1
atravessar,atravess,1
atreve,atrev,1
atriz,atriz,1
atual,atual,1
atualmente,atual,1
audição,audica,1
audiência,audienc,1
aumentar,aument,1
aumento,aument,1
aura,aur,1
autoridade,autor,1
autoridades,autor,1
autorização,autorizaca,1
autópsia,autops,1
avatar,avat,1
aventura,aventur,1
avise,avis,1
aviões,avio,1
azar,azar,1
azuis,azu,1
aço,aco,1
açúcar,acuc,1
aérea,aer,1
babá,bab,1
bacana,bacan,1
bacon,bacon,1
bairro,bairr,1
baixa,baix,1
baleado,bal,1
bancos,banc,1
bandeira,bandeir,1
bandido,band,1
bandidos,band,1
bang,bang,1
banheira,banheir,1
barato,barat,1
barba,barb,1
barcos,barc,1
barra,barr,1
barriga,barrig,1
baseado,bas,1
basquete,basquet,1
bastardo,bastard,1
bata,bat,1
batata,batat,1
batatas,batat,1
bateria,bat,1
bati,bat,1
batida,bat,1
bebeu,beb,1
bebo,beb,1
beco,bec,1
beira,beir,1
beisebol,beisebol,1
belas,bel,1
bens,bens,1
berlim,berlim,1
besta,best,1
biblioteca,bibliotec,1
bicicleta,biciclet,1
bilhões,bilho,1
biscoitar,biscoit,1
biscoitos,biscoit,1
block,block,1
bloco,bloc,1
blue,blu,1
bluetooth,bluetooth,1
blusa,blus,1
boba,bob,1
bombas,bomb,1
bondade,bondad,1
boneca,bonec,1
bonitas,bonit,1
bonitos,bonit,1
botas,bot,1
botão,bota,1
brancos,branc,1
brasil,brasil,1
brava,brav,1
brenda,brend,1
brigar,brig,1
brilhantes,brilhant,1
brilho,brilh,1
brinca,brinc,1
brinde,brind,1
brinquedo,brinqued,1
brinquedos,brinqued,1
britânico,britan,1
bruxas,brux,1
buffar,buff,1
buracos,burac,1
burro,burr,1
bíblia,bibl,1
cabana,caban,1
cabe,cab,1
cabelos,cabel,1
cabeças,cabec,1
cabine,cabin,1
cachorros,cachorr,1
cadela,cadel,1
cadáver,cadav,1
caia,cai,1
caixas,caix,1
caixão,caixa,1
calado,cal,1
calar,cal,1
calça,calc,1
camarada,camar,1
caminhada,caminh,1
caminhar,caminh,1
campeonato,campeonat,1
campeão,campea,1
campos,camp,1
canadá,can,1
canal,canal,1
canalha,canalh,1
cancelamento,cancel,1
cancelar,cancel,1
candidato,candidat,1
caneta,canet,1
canta,cant,1
cante,cant,1
cantor,cantor,1
canções,canco,1
caos,caos,1
capa,cap,1
capacidade,capac,1
capazes,capaz,1
capital,capital,1
capitã,capit,1
capítulo,capitul,1
cardíaco,cardiac,1
cargo,carg,1
caridade,caridad,1
carla,carl,1
caroline,carolin,1
carregar,carreg,1
carrinho,carrinh,1
cartões,carto,1
caráter,carat,1
casados,cas,1
case,cas,1
casei,cas,1
casou,cas,1
castigo,castig,1
causar,caus,1
cavaleiro,cavaleir,1
caverna,cavern,1
caçador,cacador,1
caçadores,cacador,1
caçar,cac,1
caído,caid,1
cego,ceg,1
cela,cel,1
celebrar,celebr,1
celeiro,celeir,1
cemitério,cemiteri,1
cenas,cen,1
centavo,centav,1
centavos,centav,1
cento,cent,1
cenário,cenari,1
cerebral,cerebral,1
cerimônia,cerimon,1
certas,cert,1
certos,cert,1
chamadas,cham,1
chamamos,cham,1
chamas,cham,1
champanhe,champanh,1
chata,chat,1
chateada,chat,1
chateado,chat,1
chegada,cheg,1
chegado,cheg,1
chegarmos,cheg,1
chegará,cheg,1
chegue,cheg,1
cheira,cheir,1
chineses,chines,1
chinês,chin,1
chip,chip,1
chore,chor,1
chutar,chut,1
chute,chut,1
chuveiro,chuveir,1
cidades,cidad,1
cidadão,cidada,1
cidadãos,cidada,1
ciente,cient,1
cientista,cientist,1
cientistas,cientist,1
cigarros,cigarr,1
cinto,cint,1
cinza,cinz,1
cinzas,cinz,1
circo,circ,1
circunstâncias,circunstanc,1
cirurgião,cirurgia,1
civil,civil,1
civilização,civilizaca,1
civis,civ,1
ciúmes,cium,1
clima,clim,1
clássico,classic,1
clínica,clinic,1
coberto,cobert,1
cobertura,cobertur,1
cobra,cobr,1
cobre,cobr,1
cobrir,cobr,1
cocaína,cocain,1
cocô,coc,1
coelho,coelh,1
cofre,cofr,1
coincidência,coincidenc,1
coisinha,coisinh,1
cola,col,1
colapso,colaps,1
colar,col,1
cole,col,1
colegial,colegial,1
coleção,coleca,1
colher,colh,1
colina,colin,1
colocado,coloc,1
colocamos,coloc,1
coluna,colun,1
colégio,colegi,1
combate,combat,1
combina,combin,1
combinado,combin,1
combinação,combinaca,1
combustível,combustivel,1
comem,com,1
comemorar,comemor,1
comentários,comentari,1
comercial,comercial,1
cometer,comet,1
cometeu,comet,1
cometi,comet,1
comi,com,1
comissário,comissari,1
comissão,comissa,1
comitê,comit,1
companheiros,companheir,1
compartilhar,compartilh,1
complexo,complex,1
compra,compr,1
compre,compr,1
compreender,compreend,1
compromisso,compromiss,1
computadores,comput,1
comunicação,comunicaca,1
comuns,comuns,1
comércio,comerci,1
conceito,conceit,1
concentrar,concentr,1
concerto,concert,1
conclusão,conclusa,1
concorda,concord,1
concordamos,concord,1
concordar,concord,1
concurso,concurs,1
condado,cond,1
conde,cond,1
condenado,conden,1
condicional,condicional,1
conferência,conferenc,1
confessar,confess,1
confiante,confiant,1
confirmar,confirm,1
confissão,confissa,1
confiável,confiavel,1
conflito,conflit,1
conforme,conform,1
conforto,confort,1
confusa,confus,1
congresso,congress,1
conhecida,conhec,1
conheça,conhec,1
conjunto,conjunt,1
conseguido,consegu,1
conseguirá,consegu,1
conselhos,conselh,1
considerado,consider,1
considerar,consider,1
conspiração,conspiraca,1
constante,constant,1
construiu,constru,1
construção,construca,1
consulta,consult,1
contado,cont,1
contanto,contant,1
contatos,contat,1
continuo,continu,1
contratar,contrat,1
controla,control,1
convencer,convenc,1
convenceu,convenc,1
convencido,convenc,1
convidar,convid,1
convite,convit,1
corajoso,coraj,1
corações,coraco,1
cores,cor,1
coroa,coro,1
correio,correi,1
corrente,corrent,1
correta,corret,1
corretamente,corret,1
correu,corr,1
corta,cort,1
cosplay,cosplay,1
costume,costum,1
couro,cour,1
cozinhar,cozinh,1
creme,crem,1
crer,crer,1
cresceu,cresc,1
cresci,cresc,1
cria,cri,1
criada,cri,1
criado,cri,1
criatura,criatur,1
criaturas,criatur,1
criação,criaca,1
criei,cri,1
criminal,criminal,1
criminoso,crimin,1
criminosos,crimin,1
cringe,cring,1
crise,cris,1
cristal,cristal,1
cruz,cruz,1
cruzar,cruz,1
crânio,crani,1
cuida,cuid,1
cujo,cuj,1
culpar,culp,1
cultura,cultur,1
cumprir,cumpr,1
cura,cur,1
curar,cur,1
curiosidade,curios,1
curioso,curios,1
curta,curt,1
curto,curt,1
curva,curv,1
custa,cust,1
custar,cust,1
custo,cust,1
custódia,custod,1
câmara,cam,1
câmbio,cambi,1
células,celul,1
césar,ces,1
círculo,circul,1
cópia,cop,1
dada,dad,1
dale,dal,1
damos,dam,1
dana,dan,1
dance,danc,1
dane,dan,1
dano,dan,1
danos,dan,1
daquelas,daquel,1
daquilo,daquil,1
dava,dav,1
decente,decent,1
decide,decid,1
decidido,decid,1
decidimos,decid,1
decisões,deciso,1
declaração,declaraca,1
defender,defend,1
deitar,deit,1
deixamos,deix,1
deixará,deix,1
deixo,deix,1
delicioso,delic,1
delivery,delivery,1
demitido,demit,1
demitir,demit,1
demora,demor,1
demos,dem,1
demônios,demoni,1
dente,dent,1
depoimento,depoiment,1
depósito,deposit,1
derrotar,derrot,1
derrubar,derrub,1
desagradável,desagradavel,1
desaparecer,desaparec,1
desaparecida,desaparec,1
desaparecido,desaparec,1
desastre,desastr,1
descanse,descans,1
descanso,descans,1
descoberta,descobert,1
descoberto,descobert,1
descobrimos,descobr,1
desconhecido,desconhec,1
descrição,descrica,1
descubra,descubr,1
desejar,desej,1
desejos,desej,1
desenho,desenh,1
desenvolvimento,desenvolv,1
desesperado,desesper,1
desgraça,desgrac,1
desista,desist,1
desistiu,desist,1
desligue,deslig,1
despedida,desped,1
despedir,desped,1
destas,dest,1
destes,dest,1
destruiu,destru,1
destruição,destruica,1
destruído,destru,1
desça,desc,1
detalhe,detalh,1
deter,det,1
detesto,detest,1
deusa,deus,1
deverá,dev,1
devolva,devolv,1
dezembro,dezembr,1
diamante,diamant,1
diamantes,diamant,1
diana,dian,1
diane,dian,1
dica,dic,1
diego,dieg,1
dieta,diet,1
dificuldade,dificuldad,1
dificuldades,dificuldad,1
digam,dig,1
digital,digital,1
dignidade,dignidad,1
direta,diret,1
diretamente,diret,1
dirige,dirig,1
dirija,dirij,1
dirá,dir,1
disco,disc,1
discussão,discussa,1
disfarce,disfarc,1
disparar,dispar,1
disponível,disponivel,1
dispositivo,disposit,1
disposto,dispost,1
distante,distant,1
distrito,distrit,1
divertida,divert,1
dividir,divid,1
divisão,divisa,1
diário,diari,1
dobro,dobr,1
doc,doc,1
docinho,docinh,1
doctor,doctor,1
documento,document,1
doentes,doent,1
doenças,doenc,1
doer,doer,1
doida,doid,1
doido,doid,1
dom,dom,1
dona,don,1
dores,dor,1
dorme,dorm,1
dormi,dorm,1
dose,dos,1
doutora,doutor,1
down,down,1
doze,doz,1
dragão,draga,1
drama,dram,1
drinque,drinqu,1
duncan,duncan,1
dupla,dupl,1
duplo,dupl,1
durar,dur,1
durma,durm,1
dêem,deem,1
dívida,div,1
dólar,dol,1
dúvidas,duv,1
dúzia,duz,1
economia,econom,1
edifício,edifici,1
edição,edica,1
educação,educaca,1
edward,edward,1
efeitos,efeit,1
egoísta,egoist,1
elegante,eleg,1
eleição,eleica,1
eletricidade,eletr,1
elevador,elev,1
eli,eli,1
eliminar,elimin,1
elétrica,eletr,1
embaixada,embaix,1
embaixador,embaix,1
emocional,emocional,1
emocionante,emocion,1
emoção,emoca,1
emoções,emoco,1
empregada,empreg,1
empregados,empreg,1
empresas,empres,1
emprestado,emprest,1
emprestar,emprest,1
empréstimo,emprestim,1
empurre,empurr,1
encaixa,encaix,1
encantador,encant,1
encarar,encar,1
encher,encher,1
encontrada,encontr,1
encontrarmos,encontr,1
encontrará,encontr,1
encontros,encontr,1
enganado,engan,1
enganar,engan,1
engano,engan,1
enormes,enorm,1
ensaio,ensai,1
ensino,ensin,1
entenda,entend,1
enterrado,enterr,1
entramos,entram,1
entregue,entreg,1
entretanto,entretant,1
enviado,envi,1
envie,envi,1
envolver,envolv,1
envolvida,envolv,1
equilíbrio,equilibri,1
equipamento,equip,1
equipes,equip,1
escada,escad,1
escadas,escad,1
escala,escal,1
esclarecer,esclarec,1
escolas,escol,1
escolhas,escolh,1
escolhe,escolh,1
escolhi,escolh,1
escolhido,escolh,1
esconde,escond,1
esconderijo,esconderij,1
escondeu,escond,1
escondida,escond,1
escravo,escrav,1
escravos,escrav,1
escreva,escrev,1
escreve,escrev,1
escrevi,escrev,1
escrita,escrit,1
escritor,escritor,1
escura,escur,1
escuridão,escurida,1
escândalo,escandal,1
esforço,esforc,1
espacial,espacial,1
espanha,espanh,1
espanhol,espanhol,1
especialista,especial,1
específico,especif,1
esperado,esper,1
esperanças,esperanc,1
esperta,espert,1
espetáculo,espetacul,1
espiritual,espiritual,1
espião,espia,1
esporte,esport,1
esportes,esport,1
esposas,espos,1
espíritos,espirit,1
esquadrão,esquadra,1
esquecido,esquec,1
esquerdo,esquerd,1
esquina,esquin,1
esquisito,esquisit,1
estacionamento,estacion,1
estaríamos,estari,1
estelar,estel,1
estragar,estrag,1
estrangeiro,estrangeir,1
estranhas,estranh,1
estratégia,estrateg,1
estrutura,estrutur,1
estudante,estud,1
estudantes,estud,1
estudo,estud,1
estudos,estud,1
estupro,estupr,1
estátua,estatu,1
estável,estavel,1
estúdio,estudi,1
eterna,etern,1
eternidade,etern,1
eventos,event,1
eventualmente,eventual,1
exames,exam,1
excelência,excelenc,1
exceção,exceca,1
excitante,excit,1
execução,execuca,1
exercício,exercici,1
existir,exist,1
existência,existenc,1
experimentar,experiment,1
experimente,experi,1
experiências,experienc,1
explica,explic,1
explicação,explicaca,1
explique,expliqu,1
explodiu,explod,1
explorar,explor,1
exposição,exposica,1
expressão,expressa,1
exterior,exterior,1
extraordinário,extraordinari,1
extremamente,extrem,1
face,fac,1
facilmente,facil,1
faixa,faix,1
falado,fal,1
falha,falh,1
falhar,falh,1
falsa,fals,1
fama,fam,1
familiares,famili,1
famosa,famos,1
fandom,fandom,1
fantasmas,fantasm,1
fantástica,fantast,1
farmar,farm,1
farão,fara,1
fascinante,fascin,1
fase,fas,1
favorita,favorit,1
febre,febr,1
fecha,fech,1
fechada,fech,1
federais,feder,1
federal,federal,1
feed,feed,1
feia,fei,1
feio,fei,1
feira,feir,1
feitas,feit,1
feitiço,feitic,1
feitos,feit,1
felizmente,feliz,1
feminino,feminin,1
ferida,fer,1
feridas,fer,1
feridos,fer,1
ferimento,feriment,1
ferir,fer,1
ferramentas,ferrament,1
ferrar,ferr,1
ferro,ferr,1
festas,fest,1
festival,festival,1
fiança,fianc,1
ficarmos,fic,1
ficarão,ficara,1
ficha,fich,1
fiel,fiel,1
figura,figur,1
filhas,filh,1
filmar,film,1
finais,fin,1
fio,fio,1
firma,firm,1
flopar,flop,1
flor,flor,1
flórida,flor,1
foco,foc,1
foda,fod,1
fofo,fof,1
folha,folh,1
folhas,folh,1
fontes,font,1
ford,ford,1
forem,for,1
formar,form,1
formas,form,1
formatura,formatur,1
formação,formaca,1
formos,form,1
forno,forn,1
fortuna,fortun,1
forçado,forc,1
forçar,forc,1
fotografia,fotograf,1
fraca,frac,1
fracasso,fracass,1
francamente,franc,1
francesa,frances,1
franceses,frances,1
franco,franc,1
franklin,franklin,1
fraqueza,fraquez,1
frase,fras,1
fraude,fraud,1
frequência,frequenc,1
fresco,fresc,1
fria,fri,1
frota,frot,1
frutas,frut,1
fuga,fug,1
fuja,fuj,1
fumaça,fumac,1
funcionários,funcionari,1
função,funca,1
furioso,furios,1
fãs,fas,1
fígado,fig,1
física,fisic,1
físico,fisic,1
gabinete,gabinet,1
gabriel,gabriel,1
gado,gad,1
galera,gal,1
galinha,galinh,1
galáxia,galax,1
gamer,gam,1
gangue,gang,1
ganhamos,ganh,1
ganho,ganh,1
garantia,garant,1
garanto,garant,1
garotinha,garotinh,1
garçom,garcom,1
gasolina,gasolin,1
gastar,gast,1
gata,gat,1
gatilho,gatilh,1
gatos,gat,1
geek,geek,1
geladeira,geladeir,1
gene,gen,1
generoso,gener,1
genial,genial,1
gentileza,gentil,1
geração,geraca,1
global,global,1
glória,glor,1
gorda,gord,1
gordo,gord,1
gordura,gordur,1
gostamos,gost,1
gostaríamos,gostari,1
goste,gost,1
gostosa,gostos,1
gostoso,gostos,1
gota,got,1
governador,govern,1
grama,gram,1
grato,grat,1
grau,grau,1
graus,graus,1
gravar,grav,1
gravata,gravat,1
gravação,gravaca,1
gravidade,gravidad,1
gravidez,gravidez,1
gritos,grit,1
grupos,grup,1
grátis,grat,1
guarde,guard,1
guerreiro,guerreir,1
guerreiros,guerreir,1
guia,gui,1
habilidade,habil,1
habilidades,habil,1
hall,hall,1
hashtag,hashtag,1
hater,hat,1
haveria,hav,1
hector,hector,1
helicóptero,helicopter,1
heroína,heroin,1
heróis,hero,1
histórico,histor,1
hitler,hitl,1
homer,hom,1
honesta,honest,1
honestamente,honest,1
horror,horror,1
horríveis,horriv,1
horário,horari,1
houver,houv,1
hype,hype,1
hábito,habit,1
hércules,hercul,1
iam,iam,1
ideal,ideal,1
ideias,ide,1
identificar,identific,1
identificação,identificaca,1
ignorar,ignor,1
igualmente,igual,1
ilegal,ilegal,1
ilusão,ilusa,1
imagina,imagin,1
imaginação,imaginaca,1
impacto,impact,1
imperador,imper,1
imploro,implor,1
importar,import,1
importe,import,1
importância,importanc,1
impostos,impost,1
impressionado,impression,1
impressões,impresso,1
império,imperi,1
imunidade,imun,1
incidente,incident,1
inclusive,inclusiv,1
incomoda,incomod,1
incomodar,incomod,1
incomum,incomum,1
inconsciente,inconscient,1
incríveis,incriv,1
independente,independent,1
indica,indic,1
indústria,industr,1
infantil,infantil,1
infecção,infecca,1
infeliz,infeliz,1
influencer,influenc,1
influência,influenc,1
informado,inform,1
informante,inform,1
informar,inform,1
infância,infanc,1
ingleses,ingles,1
ingressos,ingress,1
iniciar,inic,1
inocentes,inocent,1
insetos,inset,1
inspiração,inspiraca,1
instinto,instint,1
instruções,instruco,1
inteligentes,inteligent,1
intenções,intenco,1
interessada,interess,1
interesses,inter,1
internacional,internacional,1
interrogatório,interrogatori,1
interromper,interromp,1
intervalo,interval,1
invadir,invad,1
invasão,invasa,1
inveja,invej,1
investigar,investig,1
invisível,invisivel,1
iraque,iraqu,1
irem,irem,1
iriam,iri,1
irmos,irmos,1
irritado,irrit,1
irritante,irrit,1
isca,isca,1
island,island,1
israel,israel,1
italiano,italian,1
jacob,jacob,1
janeiro,janeir,1
janelas,janel,1
japoneses,japones,1
japonês,japon,1
jaqueta,jaquet,1
jean,jean,1
jersey,jersey,1
joelho,joelh,1
joelhos,joelh,1
jogada,jog,1
jogado,jog,1
jogador,jogador,1
jogadores,jogador,1
jogue,jog,1
jornada,jorn,1
jornalista,jornal,1
juan,juan,1
judeu,jud,1
judeus,judeus,1
julgar,julg,1
julho,julh,1
julian,julian,1
junho,junh,1
junior,junior,1
jurados,jur,1
juramento,jurament,1
justa,just,1
juventude,juventud,1
juízo,juiz,1
karl,karl,1
kit,kit,1
kong,kong,1
lacrar,lacr,1
lados,lad,1
ladrões,ladro,1
lama,lam,1
lançamento,lancament,1
lançar,lanc,1
laranja,laranj,1
larga,larg,1
largar,larg,1
largue,larg,1
las,las,1
lata,lat,1
leal,leal,1
lealdade,lealdad,1
legais,leg,1
leia,lei,1
leis,leis,1
leitura,leitur,1
lembrança,lembranc,1
lembranças,lembranc,1
lembre,lembr,1
lenda,lend,1
lendo,lend,1
lentamente,lent,1
lento,lent,1
letra,letr,1
letras,letr,1
leu,leu,1
levam,lev,1
levanta,levant,1
levará,lev,1
levem,lev,1
leão,lea,1
liam,liam,1
liberar,liber,1
libertar,libert,1
libras,libr,1
liderança,lideranc,1
lido,lid,1
ligada,lig,1
limpeza,limpez,1
lindas,lind,1
lindos,lind,1
linhas,linh,1
literalmente,literal,1
livres,livr,1
lobo,lob,1
locais,loc,1
localização,localizaca,1
loira,loir,1
lojas,loj,1
loot,loot,1
lorde,lord,1
louise,louis,1
lucro,lucr,1
luto,lut,1
lutou,lut,1
luvas,luv,1
luxo,lux,1
lábios,labi,1
lágrimas,lagrim,1
líderes,lid,1
lógica,logic,1
macaco,macac,1
macho,mach,1
machucado,machuc,1
machuque,machuqu,1
maconha,maconh,1
magnífico,magnif,1
maio,mai,1
malas,mal,1
malcolm,malcolm,1
malditos,maldit,1
maluca,maluc,1
mama,mam,1
mando,mand,1
maneiras,maneir,1
mansão,mansa,1
manteiga,manteig,1
manteve,mantev,1
manual,manual,1
maratonar,maraton,1
marcar,marc,1
marcas,marc,1
marcha,march,1
marco,marc,1
marie,mari,1
marshall,marshall,1
marte,mart,1
martelo,martel,1
match,match,1
matemática,matemat,1
mato,mat,1
matéria,mat,1
maus,maus,1
maçã,mac,1
medalha,medalh,1
medicina,medicin,1
medida,med,1
megan,megan,1
meias,mei,1
meios,mei,1
melissa,meliss,1
memórias,memor,1
mencionar,mencion,1
menores,menor,1
mental,mental,1
mentes,ment,1
menti,ment,1
mentirosa,mentir,1
mereço,merec,1
meritíssimo,meritissim,1
mesmas,mesm,1
meta,met,1
metal,metal,1
metaverso,metavers,1
meter,met,1
meteu,met,1
metrô,metr,1
mexe,mex,1
mia,mia,1
miami,miam,1
miguel,miguel,1
milhas,milh,1
milho,milh,1
militares,milit,1
mina,min,1
ministério,ministeri,1
mira,mir,1
misericórdia,misericord,1
miserável,miseravel,1
misterioso,misteri,1
mistura,mistur,1
mistério,misteri,1
mochila,mochil,1
moderna,modern,1
moeda,moed,1
moedas,moed,1
molho,molh,1
monstros,monstr,1
montar,mont,1
moral,moral,1
moro,mor,1
morra,morr,1
morrerá,morr,1
morrido,morr,1
mortal,mortal,1
mortas,mort,1
mortes,mort,1
motel,motel,1
motivos,motiv,1
moto,mot,1
motores,motor,1
mova,mov,1
move,mov,1
movimentos,moviment,1
mudado,mud,1
mudam,mud,1
mudanças,mudanc,1
mude,mud,1
mudei,mud,1
multidão,multida,1
munição,munica,1
muro,mur,1
museu,mus,1
musical,musical,1
máfia,maf,1
mágico,magic,1
máquinas,maquin,1
más,mas,1
máscara,masc,1
máxima,maxim,1
mães,maes,1
média,med,1
médio,medi,1
método,metod,1
mídia,mid,1
mínima,minim,1
nadar,nad,1
namorados,namor,1
namorar,namor,1
nancy,nancy,1
nascer,nasc,1
nasci,nasc,1
nascido,nasc,1
nascimento,nasciment,1
naturalmente,natural,1
naves,nav,1
navios,navi,1
nação,naca,1
necessidades,necess,1
negar,neg,1
negativo,negat,1
negociar,negoc,1
nelson,nelson,1
nerfar,nerf,1
nessas,ness,1
nesses,ness,1
nestes,nest,1
neto,net,1
nicole,nicol,1
ninho,ninh,1
nobre,nobr,1
noivo,noiv,1
nojo,noj,1
nora,nor,1
normais,norm,1
norman,norman,1
notar,not,1
notebook,notebook,1
notei,not,1
notou,not,1
novato,novat,1
novembro,novembr,1
novidade,novidad,1
novidades,novidad,1
noção,noca,1
nua,nua,1
nuclear,nucl,1
nuvem,nuv,1
nuvens,nuvens,1
níveis,niv,1
objeto,objet,1
objetos,objet,1
obra,obra,1
observar,observ,1
observação,observaca,1
ocasião,ocasia,1
oceano,ocean,1
ocorreu,ocorr,1
ocupados,ocup,1
odiar,odi,1
ofereceu,oferec,1
oficiais,ofic,1
oficialmente,oficial,1
olhei,olhe,1
olhou,olhou,1
oliver,oliv,1
olivia,oliv,1
ombro,ombro,1
ombros,ombros,1
onda,onda,1
ondas,ondas,1
operações,operaco,1
oposto,opost,1
opções,opco,1
orelha,orelh,1
orelhas,orelh,1
organizar,organiz,1
organização,organizaca,1
orgulhosa,orgulh,1
orçamento,orcament,1
osso,osso,1
ousa,ous,1
outono,outon,1
outubro,outubr,1
ouvimos,ouv,1
ouçam,ouc,1
ouço,ouc,1
ovo,ovo,1
oxigênio,oxigeni,1
paciência,pacienc,1
pacote,pacot,1
padrões,padro,1
pagam,pag,1
pague,pag,1
palhaço,palhac,1
palpite,palpit,1
palácio,palaci,1
papa,pap,1
papelada,papel,1
papo,pap,1
papéis,pap,1
paraíso,parais,1
parceira,parceir,1
parceiros,parceir,1
paredes,pared,1
parei,par,1
parente,parent,1
parentes,parent,1
pareça,parec,1
pareço,parec,1
participar,particip,1
partida,part,1
partiu,part,1
parto,part,1
passageiros,passageir,1
passaporte,passaport,1
passear,pass,1
passos,pass,1
pasta,past,1
pastor,pastor,1
pat,pat,1
pato,pat,1
patrulha,patrulh,1
patrão,patra,1
patético,patet,1
paula,paul,1
pausa,paus,1
países,pais,1
pecado,pec,1
pecados,pec,1
pede,ped,1
pedimos,ped,1
pedro,pedr,1
peitos,peit,1
peixes,peix,1
pensamento,pensament,1
pensamentos,pensament,1
pensão,pensa,1
perca,perc,1
percebo,perceb,1
perde,perd,1
perdedor,perdedor,1
perdida,perd,1
perdidos,perd,1
perdoar,perdo,1
perdoe,perdo,1
perfil,perfil,1
perfume,perfum,1
perigosa,perig,1
permanecer,permanec,1
permite,permit,1
permitido,permit,1
personalidade,personal,1
perspectiva,perspect,1
peru,peru,1
pesada,pes,1
pescar,pesc,1
pessoais,pesso,1
petróleo,petrol,1
peças,pec,1
piadas,piad,1
piano,pian,1
piedade,piedad,1
pintar,pint,1
pinto,pint,1
pintura,pintur,1
piorar,pior,1
piores,pior,1
pistas,pist,1
pistola,pistol,1
planeja,planej,1
planejado,planej,1
planta,plant,1
plantas,plant,1
plataforma,plataform,1
plástico,plastic,1
pobres,pobr,1
poderosa,poder,1
poderão,podera,1
podes,pod,1
poeira,poeir,1
poema,poem,1
poesia,poes,1
político,polit,1
políticos,polit,1
ponta,pont,1
pop,pop,1
popular,popul,1
população,populaca,1
porcos,porc,1
pornô,porn,1
portal,portal,1
porto,port,1
portão,porta,1
porão,pora,1
positivo,posit,1
posse,poss,1
possibilidade,possibil,1
possivelmente,possivel,1
possui,possu,1
postos,post,1
potencial,potencial,1
pouca,pouc,1
poucas,pouc,1
poço,poc,1
praga,prag,1
prata,prat,1
praticar,pratic,1
pratos,prat,1
prazo,praz,1
praça,prac,1
precisará,precis,1
precise,precis,1
prefere,prefer,1
preferia,pref,1
prendeu,prend,1
preocupados,preocup,1
preocupação,preocupaca,1
preocupo,preocup,1
preparada,prepar,1
preparados,prepar,1
prepare,prepar,1
prestar,prest,1
preste,prest,1
presumo,presum,1
preta,pret,1
pretende,pretend,1
prima,prim,1
primavera,primav,1
primeiras,primeir,1
princípio,principi,1
prioridade,prioridad,1
prisioneiro,prisioneir,1
prisioneiros,prisioneir,1
privacidade,privac,1
privada,priv,1
privado,priv,1
procedimento,proced,1
processar,process,1
procurado,procur,1
procuramos,procur,1
procure,procur,1
procuro,procur,1
produto,produt,1
produtor,produtor,1
produtos,produt,1
produção,produca,1
professores,professor,1
profissão,profissa,1
profunda,profund,1
profundamente,profund,1
profundo,profund,1
progresso,progress,1
proibido,proib,1
prometa,promet,1
promete,promet,1
prometer,promet,1
prometi,promet,1
promotor,promotor,1
promotoria,promotor,1
promoção,promoca,1
proposta,propost,1
proprietário,proprietari,1
prossiga,prossig,1
prostituta,prostitut,1
protesto,protest,1
protocolo,protocol,1
prove,prov,1
provável,provavel,1
prática,pratic,1
próximas,proxim,1
psiquiatra,psiquiatr,1
publicidade,public,1
pudermos,pud,1
pular,pul,1
pulmões,pulmo,1
pulso,puls,1
pura,pur,1
puro,pur,1
puxar,pux,1
puxe,pux,1
páginas,pagin,1
pássaros,passar,1
péssima,pessim,1
péssimo,pessim,1
pênis,pen,1
pílulas,pilul,1
pôs,pos,1
põe,poe,1
pública,public,1
quadro,quadr,1
quanta,quant,1
quantidade,quantidad,1
quarta,quart,1
quartos,quart,1
quebra,quebr,1
quebrada,quebr,1
queimado,queim,1
queimar,queim,1
queixa,queix,1
quentes,quent,1
queres,quer,1
queríamos,queri,1
questões,questo,1
quieta,quiet,1
quilos,quil,1
quilômetros,quilometr,1
quinta,quint,1
quintal,quintal,1
quinze,quinz,1
química,quimic,1
rabo,rab,1
radar,rad,1
radiação,radiaca,1
raios,rai,1
ramo,ram,1
rancho,ranch,1
ranço,ranc,1
raro,rar,1
rastrear,rastr,1
ratos,rat,1
razoável,razoavel,1
raça,rac,1
reais,rea,1
realizar,realiz,1
reação,reaca,1
recado,rec,1
recebe,receb,1
recebo,receb,1
receita,receit,1
recente,recent,1
recepção,recepca,1
reclamar,reclam,1
recolher,recolh,1
reconhece,reconhec,1
reconhecer,reconhec,1
reconhecimento,reconhec,1
reconheço,reconhec,1
recorde,record,1
recuperação,recuperaca,1
recursos,recurs,1
recusar,recus,1
reels,reels,1
refeição,refeica,1
reféns,refens,1
região,regia,1
reis,reis,1
relatórios,relatori,1
relaxa,relax,1
relaxar,relax,1
relações,relaco,1
religião,religia,1
remover,remov,1
remédio,remedi,1
remédios,remedi,1
repetir,repet,1
repito,repit,1
representa,represent,1
reputação,reputaca,1
repórter,report,1
república,republ,1
reserva,reserv,1
resgate,resgat,1
resistir,resist,1
resistência,resistenc,1
resolvido,resolv,1
respiração,respiraca,1
respire,respir,1
responde,respond,1
respondeu,respond,1
resta,rest,1
restos,rest,1
retirar,retir,1
retornar,retorn,1
retorno,retorn,1
retrato,retrat,1
reunir,reun,1
reuniões,reunio,1
revelar,revel,1
revolução,revoluca,1
rezar,rez,1
rica,ric,1
ricos,ric,1
riscos,risc,1
risos,ris,1
rita,rit,1
ritmo,ritm,1
ritual,ritual,1
rizz,rizz,1
robô,rob,1
rocha,roch,1
roda,rod,1
rodada,rod,1
rodas,rod,1
rolar,rol,1
romance,romanc,1
romântico,romant,1
rosas,ros,1
rostos,rost,1
rota,rot,1
roteiro,roteir,1
rotina,rotin,1
rude,rud,1
rumo,rum,1
rumores,rumor,1
russa,russ,1
russo,russ,1
russos,russ,1
réu,reu,1
sabedoria,sabedor,1
saberá,sab,1
sabes,sab,1
sabor,sabor,1
sabíamos,sabi,1
sacrifício,sacrifici,1
saem,saem,1
sagrado,sagr,1
saio,sai,1
sairmos,sairm,1
sairá,sair,1
sal,sal,1
salada,sal,1
saltar,salt,1
salto,salt,1
salva,salv,1
salve,salv,1
salário,salari,1
salão,sala,1
sanduíche,sanduich,1
sapato,sapat,1
sara,sar,1
satisfeito,satisfeit,1
satélite,satelit,1
saudade,saudad,1
saudades,saudad,1
saudações,saudaco,1
saudável,saudavel,1
saído,said,1
saímos,saim,1
seca,sec,1
seco,sec,1
secreta,secret,1
secretário,secretari,1
segue,seg,1
segui,segu,1
seguido,segu,1
seguiu,segu,1
seguros,segur,1
seios,sei,1
sejamos,sej,1
selva,selv,1
selvagens,selvagens,1
senador,senador,1
senha,senh,1
senso,sens,1
sensível,sensivel,1
senta,sent,1
sentada,sent,1
sentados,sent,1
sentença,sentenc,1
sentimos,sent,1
separados,separ,1
separar,separ,1
seres,ser,1
sermos,serm,1
serviços,servic,1
sessão,sessa,1
setembro,setembr,1
setor,setor,1
sexta,sext,1
sextou,sext,1
sexuais,sexu,1
seção,seca,1
shippar,shipp,1
shopping,shopping,1
sigma,sigm,1
significado,signific,1
sincero,sincer,1
sintomas,sintom,1
sistemas,sistem,1
site,sit,1
skin,skin,1
sobe,sob,1
sobremesa,sobremes,1
sobreviveu,sobreviv,1
sobrevivência,sobrevivenc,1
sobrinha,sobrinh,1
sobrinho,sobrinh,1
soco,soc,1
sofrer,sofr,1
sofreu,sofr,1
sofrimento,sofriment,1
solar,sol,1
solitário,solitari,1
soltar,solt,1
solteira,solteir,1
solteiro,solteir,1
solto,solt,1
sombra,sombr,1
sombras,sombr,1
sopa,sop,1
sorria,sorr,1
sorrir,sorr,1
sortudo,sortud,1
sorvete,sorvet,1
sotaque,sotaqu,1
souber,soub,1
spoilar,spoil,1
spoiler,spoil,1
stalkear,stalk,1
startup,startup,1
stories,stori,1
streamar,stream,1
streamer,stream,1
streaming,streaming,1
suave,suav,1
suba,sub,1
subiu,sub,1
substituir,substitu,1
suco,suc,1
sue,sue,1
suficientes,suficient,1
sugere,suger,1
sugestão,sugesta,1
sugiro,sugir,1
suja,suj,1
sujeira,sujeir,1
sumir,sum,1
superar,super,1
superfície,superfic,1
suportar,suport,1
suporte,suport,1
supostamente,supost,1
surgiu,surg,1
surpreendente,surpreendent,1
surra,surr,1
suspeita,suspeit,1
suspeitos,suspeit,1
sydney,sydney,1
sábio,sabi,1
séculos,secul,1
símbolo,simbol,1
sócio,soci,1
sós,sos,1
taco,tac,1
tais,tais,1
tankar,tank,1
tanque,tanqu,1
tapete,tapet,1
tara,tar,1
tava,tav,1
taxa,tax,1
tecido,tec,1
tecnicamente,tecnic,1
tela,tel,1
telefonema,telefonem,1
telefones,telefon,1
telhado,telh,1
tema,tem,1
temperatura,temperatur,1
templo,templ,1
tenhamos,tenh,1
tensão,tensa,1
tentado,tent,1
tentamos,tent,1
tento,tent,1
terapeuta,terapeut,1
terapia,terap,1
termina,termin,1
terminado,termin,1
terminamos,termin,1
termine,termin,1
termo,term,1
terno,tern,1
terras,terr,1
terreno,terren,1
território,territori,1
terror,terror,1
terrorista,terror,1
terroristas,terror,1
terríveis,terriv,1
terça,terc,1
teríamos,teri,1
tesouro,tesour,1
testamento,testament,1
testar,test,1
testemunhar,testemunh,1
testemunho,testemunh,1
teto,tet,1
teus,teus,1
texto,text,1
tigre,tigr,1
times,tim,1
tina,tin,1
tinta,tint,1
tirado,tir,1
tiras,tir,1
tirei,tir,1
tirem,tir,1
tiros,tir,1
tiroteio,tirotei,1
tivermos,tiv,1
toalha,toalh,1
tocou,toc,1
tomada,tom,1
tomado,tom,1
tomo,tom,1
top,top,1
torno,torn,1
torta,tort,1
tortura,tortur,1
trabalhado,trabalh,1
trabalhadores,trabalh,1
trabalhamos,trabalh,1
trabalhos,trabalh,1
tradição,tradica,1
traficante,trafic,1
trago,trag,1
tragédia,traged,1
traidor,traidor,1
trailer,trail,1
trair,tra,1
traiu,tra,1
traição,traica,1
traje,traj,1
trancada,tranc,1
tranquilo,tranquil,1
transferência,transferenc,1
transformar,transform,1
transmissão,transmissa,1
transporte,transport,1
tratado,trat,1
trato,trat,1
trauma,traum,1
travis,trav,1
trazido,traz,1
treinar,trein,1
treino,trein,1
trend,trend,1
tribo,trib,1
trilha,trilh,1
trinta,trint,1
tripulação,tripulaca,1
tristeza,tristez,1
troco,troc,1
trono,tron,1
tropas,trop,1
truques,truqu,1
trânsito,transit,1
tubarão,tubara,1
tubo,tub,1
turma,turm,1
turno,turn,1
turnê,turn,1
twitter,twitt,1
técnica,tecnic,1
técnico,tecnic,1
tênis,ten,1
típico,tipic,1
título,titul,1
túmulo,tumul,1
túnel,tunel,1
unfollow,unfollow,1
unhas,unhas,1
unidades,unidad,1
uniforme,uniform,1
unir,unir,1
união,unia,1
upar,upar,1
urgente,urgent,1
urso,urso,1
usada,usad,1
usam,usam,1
usamos,usam,1
usava,usav,1
usei,use,1
uísque,uisqu,1
vaga,vag,1
vais,vais,1
valer,val,1
valores,valor,1
vampiro,vampir,1
vampiros,vampir,1
vanessa,vaness,1
vazia,vaz,1
veem,veem,1
vejamos,vej,1
vela,vel,1
velas,vel,1
velhas,velh,1
vencedor,vencedor,1
venceu,venc,1
vendas,vend,1
vende,vend,1
vendedor,vendedor,1
vendeu,vend,1
vendido,vend,1
veneno,venen,1
verei,ver,1
veria,ver,1
verifique,verifiqu,1
vestida,vest,1
vestidos,vest,1
veículo,veicul,1
viagens,viagens,1
viciado,vic,1
vidro,vidr,1
vier,vier,1
vigilância,vigilanc,1
vila,vil,1
vinda,vind,1
vingar,ving,1
vinha,vinh,1
violento,violent,1
vire,vir,1
virei,vir,1
virem,vir,1
viria,vir,1
virão,vira,1
visitas,visit,1
visse,viss,1
visual,visual,1
vivem,viv,1
viveu,viv,1
vivia,viv,1
vizinhança,vizinhanc,1
vizinho,vizinh,1
vizinhos,vizinh,1
viúva,viuv,1
voltado,volt,1
voltarmos,volt,1
vomitar,vomit,1
von,von,1
vosso,voss,1
votar,vot,1
votação,votaca,1
voto,vot,1
vozes,voz,1
vírus,virus,1
xadrez,xadrez,1
xixi,xix,1
xícara,xic,1
youtuber,youtub,1
zangado,zang,1
águas,agu,1
álbum,album,1
álcool,alcool,1
álibi,alib,1
áreas,are,1
íamos,iam,1
ídolo,idol,1
índia,indi,1
índios,indi,1
ódio,odi,1
óleo,ole,1
ótimas,otim,1
ótimos,otim,1
únicos,unic,1
abaixar,abaix,2
aberração,aberraca,2
aborto,abort,2
abraçar,abrac,2
abri,abri,2
abuso,abus,2
acabará,acab,2
acalme,acalm,2
acender,acend,2
acidentes,acident,2
acompanhante,acompanh,2
acusar,acus,2
adequado,adequ,2
admiro,admir,2
admita,admit,2
adoção,adoca,2
adulta,adult,2
afaste,afast,2
afeganistão,afeganista,2
afeta,afet,2
agarrar,agarr,2
agiu,agiu,2
agrada,agrad,2
agradar,agrad,2
agradeça,agradec,2
agulha,agulh,2
aids,aids,2
ajudado,ajud,2
ajudante,ajud,2
alemã,alem,2
alexander,alexand,2
alfa,alfa,2
algodão,algoda,2
alimento,aliment,2
alugar,alug,2
amber,amber,2
ambição,ambica,2
amendoim,amendoim,2
analisar,analis,2
andam,andam,2
andares,andar,2
anderson,anderson,2
anotações,anotaco,2
ansiedade,ansiedad,2
ansiosa,ansios,2
anteriores,anterior,2
antigamente,antig,2
antonio,antoni,2
anunciar,anunc,2
apaixonar,apaixon,2
apelido,apel,2
apontar,apont,2
aprenda,aprend,2
aprende,aprend,2
apresento,apresent,2
aprovação,aprovaca,2
aproxima,aproxim,2
aquecimento,aquec,2
arco,arco,2
argumento,argument,2
arizona,arizon,2
armada,armad,2
armadura,armadur,2
armou,armou,2
asilo,asil,2
aspecto,aspect,2
assassinada,assassin,2
assento,assent,2
assinado,assin,2
assistência,assistenc,2
associação,associaca,2
assumiu,assum,2
assustadora,assust,2
ataca,atac,2
atacado,atac,2
atendeu,atend,2
ativa,ativ,2
atrair,atra,2
atrapalhar,atrapalh,2
atração,atraca,2
atuar,atu,2
atuação,atuaca,2
aumenta,aument,2
austrália,austral,2
ausência,ausenc,2
autor,autor,2
avaliação,avaliaca,2
avançar,avanc,2
avenida,aven,2
aves,aves,2
avisado,avis,2
aéreo,aer,2
back,back,2
baixar,baix,2
balcão,balca,2
balde,bald,2
baleia,bal,2
balão,bala,2
banana,banan,2
bancar,banc,2
barata,barat,2
barraca,barrac,2
barreira,barreir,2
barão,bara,2
baseada,bas,2
bastão,basta,2
batom,batom,2
beach,beach,2
bebi,beb,2
benefício,benefici,2
benjamin,benjamin,2
bicha,bich,2
bico,bic,2
bigode,bigod,2
bilhetes,bilhet,2
bingo,bing,2
biscoito,biscoit,2
bispo,bisp,2
bloqueio,bloquei,2
blá,bla,2
boate,boat,2
bocado,boc,2
boneco,bonec,2
bonitão,bonita,2
boom,boom,2
borracha,borrach,2
bosque,bosqu,2
bosta,bost,2
botar,bot,2
bote,bot,2
botões,boto,2
boxe,box,2
brilhar,brilh,2
brinque,brinqu,2
bruno,brun,2
brutal,brutal,2
burra,burr,2
bush,bush,2
básico,basic,2
bônus,bonus,2
cabra,cabr,2
cacete,cacet,2
cadáveres,cadav,2
calada,cal,2
calcinha,calcinh,2
camarão,camara,2
caminhonete,caminhonet,2
caminhões,caminho,2
camiseta,camiset,2
campainha,campainh,2
campbell,campbell,2
campus,campus,2
canhão,canha,2
cano,can,2
cantora,cantor,2
capacete,capacet,2
capturar,captur,2
careca,carec,2
carinho,carinh,2
carrega,carreg,2
carroça,carroc,2
carvão,carva,2
cassino,cassin,2
categoria,categor,2
cauda,caud,2
causado,caus,2
cause,caus,2
cavar,cav,2
caçada,cac,2
cega,ceg,2
celulares,celul,2
cercado,cerc,2
certificar,certific,2
cesta,cest,2
chan,chan,2
charme,charm,2
chefes,chef,2
chego,cheg,2
cheirar,cheir,2
cheques,chequ,2
chiclete,chiclet,2
chinesa,chines,2
chique,chiqu,2
chora,chor,2
choro,chor,2
chover,chov,2
churrasco,churrasc,2
cicatriz,cicatriz,2
ciclo,cicl,2
científica,cientif,2
circuito,circuit,2
cleveland,cleveland,2
cobertor,cobertor,2
cobrar,cobr,2
coca,coc,2
coitado,coit,2
colete,colet,2
colheita,colheit,2
colo,col,2
coloco,coloc,2
colônia,colon,2
combater,combat,2
comemos,com,2
comentário,comentari,2
cometa,comet,2
começado,comec,2
comido,com,2
compaixão,compaixa,2
comparado,compar,2
compensar,compens,2
competir,compet,2
completar,complet,2
complicada,complic,2
comportar,comport,2
comprado,compr,2
compreende,compreend,2
compro,compr,2
comunicar,comunic,2
comunicações,comunicaco,2
comunista,comun,2
comédia,comed,2
concentração,concentraca,2
concreto,concret,2
condessa,condess,2
conduta,condut,2
conduzir,conduz,2
confidencial,confidencial,2
conquistar,conquist,2
consciente,conscient,2
conselheiro,conselheir,2
considera,consid,2
consideração,consideraca,2
considere,consider,2
considero,consider,2
construído,constru,2
consultório,consultori,2
contador,contador,2
conter,cont,2
conteúdo,conteud,2
continente,continent,2
continuará,continu,2
contratado,contrat,2
contudo,contud,2
conveniente,convenient,2
convenção,convenca,2
convidada,convid,2
cooperar,cooper,2
cooperação,cooperaca,2
corajosa,coraj,2
coral,coral,2
cordeiro,cordeir,2
correntes,corrent,2
corri,corr,2
corrigir,corrig,2
cortado,cort,2
cortes,cort,2
cortesia,cortes,2
cortina,cortin,2
costuma,costum,2
cozinheiro,cozinheir,2
cresce,cresc,2
crescimento,cresciment,2
cretino,cretin,2
criador,criador,2
cristão,crista,2
crítica,critic,2
crítico,critic,2
cuba,cub,2
cueca,cuec,2
cuidadoso,cuidad,2
cuja,cuj,2
culpe,culp,2
culpo,culp,2
cunhado,cunh,2
curiosa,curios,2
cúmplice,cumplic,2
dali,dal,2
debate,debat,2
declarar,declar,2
defeito,defeit,2
deitado,deit,2
delegado,deleg,2
delicado,delic,2
delta,delt,2
demasiado,demasi,2
demissão,demissa,2
democracia,democrac,2
demonstrar,demonstr,2
demonstração,demonstraca,2
denise,denis,2
dentista,dentist,2
depressão,depressa,2
dera,der,2
derrota,derrot,2
desaparece,desaparec,2
desce,desc,2
descobre,descobr,2
desconto,descont,2
descrever,descrev,2
desenhar,desenh,2
desenvolver,desenvolv,2
desesperada,desesper,2
desespero,desesper,2
desfazer,desfaz,2
desfile,desfil,2
desisti,desist,2
desisto,desist,2
desliga,deslig,2
desligado,deslig,2
despedido,desped,2
desperdiçar,desperdic,2
desperdício,desperdici,2
destruída,destru,2
determinado,determin,2
determinar,determin,2
diagnóstico,diagnost,2
dificilmente,dificil,2
digno,dign,2
dimensão,dimensa,2
diminuir,diminu,2
diretora,diretor,2
dirijo,dirij,2
disciplina,disciplin,2
disposição,disposica,2
disposta,dispost,2
disputa,disput,2
distintivo,distint,2
distração,distraca,2
divina,divin,2
divino,divin,2
dobra,dobr,2
doloroso,dolor,2
dominar,domin,2
dormia,dorm,2
dourado,dour,2
doçura,docur,2
drogado,drog,2
duelo,duel,2
duque,duqu,2
durmo,durm,2
durou,dur,2
durão,dura,2
década,dec,2
edgar,edgar,2
editor,editor,2
educado,educ,2
egito,egit,2
einstein,einstein,2
elaine,elain,2
elefante,elef,2
eleições,eleico,2
elemento,element,2
eliminado,elimin,2
elite,elit,2
elogio,elogi,2
empregado,empreg,2
empresário,empresari,2
empurrar,empurr,2
encantado,encant,2
encantadora,encant,2
encarregado,encarreg,2
encerrado,encerr,2
enche,enche,2
encrenca,encrenc,2
enfiar,enfi,2
enganada,engan,2
engenheiro,engenheir,2
engolir,engol,2
enlouqueceu,enlouquec,2
ensina,ensin,2
entenderia,entend,2
enterrar,enterr,2
enterro,enterr,2
entrado,entrad,2
entro,entro,2
envelope,envelop,2
envergonhado,envergonh,2
envergonhar,envergonh,2
envolve,envolv,2
erica,eric,2
errei,erre,2
errou,errou,2
erva,erva,2
escolar,escol,2
escolho,escolh,2
escova,escov,2
escrevo,escrev,2
escudo,escud,2
escuto,escut,2
escócia,escoc,2
espalhar,espalh,2
espetacular,espetacul,2
espiões,espio,2
espécies,espec,2
esquema,esquem,2
esqueço,esquec,2
essencial,essencial,2
essência,essenc,2
estabelecer,estabelec,2
estadual,estadual,2
estações,estaco,2
estoque,estoqu,2
estupidez,estupidez,2
estágio,estagi,2
estória,estor,2
eterno,etern,2
evolução,evoluca,2
examinar,examin,2
exata,exat,2
executar,execut,2
executivo,execut,2
exige,exig,2
existia,exist,2
experimento,exper,2
expor,expor,2
expressar,express,2
expulso,expuls,2
extremo,extrem,2
fabuloso,fabul,2
fada,fad,2
faleceu,falec,2
falecido,falec,2
falem,fal,2
faminto,famint,2
fardo,fard,2
farmácia,farmac,2
farsa,fars,2
farto,fart,2
fatal,fatal,2
fede,fed,2
feijão,feija,2
feminina,feminin,2
fera,fer,2
feriado,feri,2
ferrado,ferr,2
fevereiro,fevereir,2
ficção,ficca,2
filadélfia,filadelf,2
filhote,filhot,2
filosofia,filosof,2
finja,finj,2
fins,fins,2
fios,fios,2
fisicamente,fisic,2
flash,flash,2
fluxo,flux,2
focar,foc,2
foge,fog,2
fogueira,fogueir,2
foguete,foguet,2
fotógrafo,fotograf,2
fresca,fresc,2
fruta,frut,2
frágil,fragil,2
fugitivo,fugit,2
fuma,fum,2
fumo,fum,2
funcione,funcion,2
funcionário,funcionari,2
fundamental,fundamental,2
fundação,fundaca,2
fusão,fusa,2
fêmea,fem,2
fórmula,formul,2
fôlego,foleg,2
fúria,fur,2
gaiola,gaiol,2
galeria,gal,2
gancho,ganch,2
ganhe,ganh,2
garcia,garc,2
garotinho,garotinh,2
garçonete,garconet,2
gatinho,gatinh,2
gaveta,gavet,2
gelada,gel,2
gelado,gel,2
genética,genet,2
gerador,gerador,2
gerações,geraco,2
gesto,gest,2
gigantes,gigant,2
ginásio,ginasi,2
girar,gir,2
gole,gol,2
gostado,gost,2
gracinha,gracinh,2
grand,grand,2
grata,grat,2
gratidão,gratida,2
graves,grav,2
grego,greg,2
greve,grev,2
gripe,grip,2
grita,grit,2
grite,grit,2
grito,grit,2
guardião,guardia,2
guitarra,guitarr,2
gênero,gener,2
hambúrguer,hamburgu,2
hamilton,hamilton,2
hans,hans,2
harvard,harvard,2
havaí,hava,2
helena,helen,2
hemorragia,hemorrag,2
herança,heranc,2
herdeiro,herdeir,2
hipótese,hipotes,2
honestidade,honest,2
hong,hong,2
honrado,honr,2
hope,hop,2
hudson,hudson,2
hugo,hug,2
humilde,humild,2
hóspedes,hosped,2
imediato,imediat,2
impede,imped,2
impressionar,impression,2
improvável,improvavel,2
impulso,impuls,2
inclui,inclu,2
incomode,incomod,2
indiana,indian,2
indivíduo,individu,2
inevitável,inevitavel,2
inferior,inferior,2
informe,inform,2
inglesa,ingles,2
inicial,inicial,2
injeção,injeca,2
injusto,injust,2
inocência,inocenc,2
insano,insan,2
inseto,inset,2
insiste,insist,2
insistiu,insist,2
instituição,instituica,2
instituto,institut,2
instrumento,instrument,2
instável,instavel,2
integridade,integr,2
intenso,intens,2
interessantes,interess,2
interferir,interfer,2
interna,intern,2
interno,intern,2
invadiu,invad,2
inventar,invent,2
investimento,invest,2
irritada,irrit,2
irritar,irrit,2
isaac,isaac,2
isabel,isabel,2
item,item,2
ivan,ivan,2
jato,jat,2
jazz,jazz,2
jeans,jeans,2
joel,joel,2
jogam,jog,2
josé,jos,2
joão,joa,2
junta,junt,2
jura,jur,2
justamente,just,2
juízes,juiz,2
kennedy,kennedy,2
lana,lan,2
lanche,lanch,2
lanchonete,lanchonet,2
lanterna,lantern,2
lança,lanc,2
laser,las,2
lava,lav,2
lavanderia,lavand,2
legado,leg,2
legalmente,legal,2
legista,legist,2
leilão,leila,2
leio,lei,2
lenta,lent,2
lenço,lenc,2
lesão,lesa,2
levada,lev,2
liberado,liber,2
limpe,limp,2
limão,lima,2
literatura,literatur,2
localizar,localiz,2
lola,lol,2
loteria,lot,2
lutador,lutador,2
lute,lut,2
lâmina,lamin,2
lâmpada,lamp,2
lésbica,lesbic,2
líquido,liqu,2
lógico,logic,2
macarrão,macarra,2
machado,mach,2
machuca,machuc,2
madre,madr,2
madrugada,madrug,2
magoar,mago,2
maldade,maldad,2
maleta,malet,2
malvado,malv,2
mancha,manch,2
maneiro,maneir,2
manga,mang,2
manhattan,manhattan,2
mantido,mant,2
manutenção,manutenca,2
marcado,marc,2
marinheiro,marinheir,2
mario,mari,2
marrom,marrom,2
maré,mar,2
masculino,masculin,2
matam,mat,2
matará,mat,2
matem,mat,2
mecânico,mecan,2
medicação,medicaca,2
mensageiro,mensageir,2
mentor,mentor,2
mercadoria,mercador,2
merecia,merec,2
mergulho,mergulh,2
metido,met,2
mexeu,mex,2
microfone,microfon,2
mijar,mij,2
milagres,milagr,2
minta,mint,2
miranda,mirand,2
misteriosa,misteri,2
mito,mit,2
mocinha,mocinh,2
moderno,modern,2
mole,mol,2
moleque,molequ,2
molhado,molh,2
mona,mon,2
monroe,monro,2
moradores,morador,2
moram,mor,2
morder,mord,2
mordeu,mord,2
mordida,mord,2
morreria,morr,2
morri,morr,2
morro,morr,2
mosca,mosc,2
mostro,mostr,2
mudará,mud,2
mudo,mud,2
multa,mult,2
namoro,namor,2
nazista,nazist,2
nações,naco,2
neal,neal,2
necrotério,necroteri,2
ninja,ninj,2
noivado,noiv,2
notado,not,2
noticiário,noticiari,2
notável,notavel,2
núcleo,nucl,2
obcecado,obcec,2
obedecer,obedec,2
objeção,objeca,2
obrigação,obrigaca,2
observe,observ,2
obsessão,obsessa,2
ocidental,ocidental,2
ocorre,ocorr,2
ofender,ofend,2
ofensa,ofens,2
oferece,oferec,2
oficina,oficin,2
olham,olham,2
onze,onze,2
opa,opa,2
operar,oper,2
opiniões,opinio,2
oração,oraca,2
orfanato,orfanat,2
oriente,orient,2
orleans,orleans,2
otário,otari,2
pablo,pabl,2
pacífico,pacif,2
padrinho,padrinh,2
painel,painel,2
parecida,parec,2
passagens,passagens,2
passará,pass,2
pazes,paz,2
pegam,peg,2
pelotão,pelota,2
perante,perant,2
percebido,perceb,2
perco,perc,2
perdedores,perdedor,2
perderia,perd,2
performance,performanc,2
permanece,permanec,2
permanente,permanent,2
permita,permit,2
permitiu,permit,2
perseguir,persegu,2
perseguição,perseguica,2
personagens,personagens,2
peruca,peruc,2
pervertido,pervert,2
perímetro,perimetr,2
pesca,pesc,2
pierre,pierr,2
pijama,pijam,2
pilha,pilh,2
pimenta,piment,2
pirata,pirat,2
piso,pis,2
planejar,planej,2
pneu,pneu,2
pneus,pneus,2
podre,podr,2
poeta,poet,2
posições,posico,2
possibilidades,possibil,2
postal,postal,2
pote,pot,2
potência,potenc,2
poupar,poup,2
preciosa,precios,2
precioso,precios,2
precisamente,precis,2
preencher,preench,2
prefeitura,prefeitur,2
preferido,prefer,2
preocupações,preocupaco,2
presta,prest,2
presunto,presunt,2
pretendia,pretend,2
privilégio,privilegi,2
produzir,produz,2
profundidade,profund,2
propaganda,propagand,2
propriedades,propriedad,2
prosseguir,prossegu,2
protege,proteg,2
protegido,proteg,2
proteja,protej,2
protetor,protetor,2
provocar,provoc,2
psicopata,psicopat,2
publicar,public,2
pule,pul,2
pulou,pul,2
punho,punh,2
punição,punica,2
puto,put,2
puxou,pux,2
pátio,pati,2
pântano,pantan,2
pôquer,poqu,2
quadra,quadr,2
quaisquer,quaisqu,2
quantia,quant,2
quarenta,quarent,2
quartel,quartel,2
quebre,quebr,2
queima,queim,2
queixo,queix,2
questionar,question,2
quinto,quint,2
rapidinho,rapidinh,2
raramente,rar,2
rastro,rastr,2
raízes,raiz,2
reabilitação,reabilitaca,2
rebelde,rebeld,2
rebeldes,rebeld,2
receberá,receb,2
recebido,receb,2
recentes,recent,2
recibo,recib,2
recomeçar,recomec,2
reconheceu,reconhec,2
recuar,recu,2
recusa,recus,2
reduzir,reduz,2
refere,refer,2
referência,referenc,2
refrigerante,refriger,2
refém,ref,2
registrado,registr,2
relacionado,relacion,2
remoto,remot,2
renda,rend,2
repita,repit,2
representar,represent,2
requer,requ,2
resgatar,resgat,2
residência,residenc,2
resolve,resolv,2
resolveu,resolv,2
resolvi,resolv,2
respeitar,respeit,2
restante,restant,2
restaurantes,restaur,2
reta,ret,2
retirada,retir,2
retiro,retir,2
ridícula,ridicul,2
rifle,rifl,2
rios,rios,2
riqueza,riquez,2
rodovia,rodov,2
romano,roman,2
romântica,romant,2
rouba,roub,2
roubada,roub,2
saberão,sabera,2
sabrina,sabrin,2
sacola,sacol,2
sacrificar,sacrific,2
safado,saf,2
sagrada,sagr,2
salsicha,salsich,2
salvador,salvador,2
salvação,salvaca,2
samuel,samuel,2
sandra,sandr,2
sanduíches,sanduich,2
santuário,santuari,2
sapo,sap,2
seda,sed,2
selo,sel,2
sementes,sement,2
senado,sen,2
sentirá,sent,2
separação,separaca,2
sequestro,sequestr,2
serena,seren,2
sermão,serma,2
serviu,serv,2
servo,serv,2
shakespeare,shakespear,2
shows,shows,2
sigam,sig,2
significar,signific,2
simpático,simpat,2
sincera,sinc,2
sindicato,sindicat,2
sino,sin,2
situações,situaco,2
soar,soar,2
sobra,sobr,2
sobretudo,sobretud,2
sobreviventes,sobrevivent,2
sofia,sof,2
sofre,sofr,2
solidão,solida,2
some,som,2
sonhar,sonh,2
sons,sons,2
sophia,soph,2
soro,sor,2
submarino,submarin,2
substituto,substitut,2
sugerir,suger,2
suma,sum,2
suor,suor,2
superiores,superior,2
supervisor,supervisor,2
suporto,suport,2
suposto,supost,2
supremo,suprem,2
surdo,surd,2
surpreende,surpreend,2
susto,sust,2
sutiã,sut,2
suíte,suit,2
suíça,suic,2
síndrome,sindrom,2
sóbrio,sobri,2
sótão,sota,2
tampa,tamp,2
tanques,tanqu,2
tapa,tap,2
tartaruga,tartarug,2
taça,tac,2
teimoso,teimos,2
telefonar,telefon,2
telegrama,telegram,2
temer,tem,2
temporário,temporari,2
tenda,tend,2
teresa,teres,2
terremoto,terremot,2
testa,test,2
toco,toc,2
tola,tol,2
tolice,tolic,2
tomara,tom,2
tomem,tom,2
tonto,tont,2
torcer,torc,2
torcida,torc,2
tornado,torn,2
tornará,torn,2
torne,torn,2
torneio,tornei,2
tornozelo,tornozel,2
torres,torr,2
touro,tour,2
trabalhador,trabalh,2
trabalhe,trabalh,2
tradicional,tradicional,2
trancado,tranc,2
tranquila,tranquil,2
transferido,transfer,2
transforma,transform,2
trará,trar,2
traseira,traseir,2
trate,trat,2
travesseiro,travesseir,2
treinado,trein,2
trevas,trev,2
trevor,trevor,2
tristes,trist,2
tráfego,trafeg,2
tráfico,trafic,2
tuas,tuas,2
tubarões,tubaro,2
tumor,tumor,2
turner,turn,2
tímido,tim,2
tóquio,toqui,2
urina,urin,2
vagabunda,vagabund,2
vagabundo,vagabund,2
vagina,vagin,2
valem,val,2
valente,valent,2
valerie,valeri,2
valioso,valios,2
vapor,vapor,2
vara,var,2
varanda,varand,2
vaso,vas,2
vazamento,vazament,2
vence,venc,2
vendi,vend,2
verdes,verd,2
verme,verm,2
veste,vest,2
vietnã,vietn,2
vigia,vig,2
vigiar,vigi,2
vilão,vila,2
violação,violaca,2
visitantes,visit,2
visões,viso,2
vital,vital,2
vivi,viv,2
vizinha,vizinh,2
volante,volant,2
volume,volum,2
voluntário,voluntari,2
vulnerável,vulneravel,2
véspera,vesp,2
vício,vici,2
watson,watson,2
zoológico,zoolog,2
zumbi,zumb,2
ácido,acid,2
águia,agu,2
ângulo,angul,2
índio,indi,2
ópera,oper,2
órbita,orbit,2
