palavra,radical,dificuldade
não,nao,0
como,como,0
sim,sim,0
aqui,aqui,0
mais,mais,0
muito,muit,0
farmar,farm,0
então,enta,0
agora,agor,0
ser,ser,0
quando,quand,0
fazer,faz,0
certo,cert,0
já,ja,0
lá,la,0
onde,onde,0
bom,bom,0
ter,ten,0
dizer,diz,0
coisa,cois,0
tempo,temp,0
assim,assim,0
nunca,nunc,0
casa,cas,0
ver,vis,0
também,tambem,0
ainda,aind,0
tão,tao,0
cara,cara,0
favor,favor,0
ir,ir,0
melhor,melhor,0
noite,noit,0
obrigado,obrigad,0
dia,dia,0
talvez,talvez,0
mãe,mae,0
vida,vida,0
senhor,senhor,0
sempre,sempr,0
vez,vez,0
verdade,verdad,0
ficar,fic,0
claro,clar,0
depois,depois,0
falar,fal,0
antes,antes,0
pouco,pouc,0
preciso,precis,0
apenas,apenas,0
deve,deve,0
boa,boa,0
dois,dois,0
todo,todo,0
lugar,lugar,0
acha,acha,0
aí,ai,0
fora,fora,0
estar,est,0
trabalho,trabalh,0
hoje,hoje,0
novo,novo,0
mundo,mund,0
saber,sab,0
grande,grand,0
dinheiro,dinh,0
nome,nome,0
certeza,cert,0
sair,sair,0
toda,toda,0
volta,volt,0
problema,problem,0
tipo,tipo,0
realmente,real,0
menos,menos,0
mulher,mulher,0
ótimo,otim,0
carro,carr,0
primeiro,prim,0
três,tres,0
voltar,volt,0
parte,part,0
feliz,felic,0
embora,embor,0
família,famili,0
deixar,deix,0
atrás,atras,0
ajudar,ajud,0
olha,olha,0
frente,frent,0
lado,lado,0
tarde,tard,0
gosto,gost,0
caso,caso,0
dentro,dentr,0
cidade,cidad,0
momento,moment,0
pegar,peg,0
gente,gent,0
amanhã,amanh,0
cabeça,cabec,0
enquanto,enquant,0
logo,logo,0
garota,garot,0
legal,legal,0
amo,amo,0
rápido,rapid,0
jeito,jeit,0
meio,meio,0
medo,medo,0
irmão,irma,0
errado,errad,0
história,histori,0
primeira,prim,0
quase,quas,0
encontrar,encontr,0
nova,nova,0
pessoal,pessoal,0
difícil,dificil,0
forma,form,0
contra,contr,0
matar,mat,0
semana,seman,0
perto,pert,0
demais,demais,0
entrar,entr,0
polícia,polici,0
ajuda,ajud,0
caminho,caminh,0
manhã,manh,0
sorte,sort,0
morte,morr,0
pensar,pens,0
papai,papa,0
ali,ali,0
quarto,quart,0
levar,lev,0
filha,filh,0
feito,feit,0
morto,morr,0
porta,port,0
cima,cima,0
chegar,cheg,0
num,num,0
água,agu,0
pronto,pront,0
esposa,espos,0
vir,ven,0
ouvir,ouv,0
morrer,morr,0
garoto,garot,0
coração,corac,0
contar,cont,0
importante,important,0
jogo,jog,0
razão,raza,0
ideia,idei,0
passar,pass,0
parar,par,0
senhora,senhor,0
fim,fim,0
corpo,corp,0
chefe,chef,0
poder,pod,0
cuidado,cuidad,0
começar,comec,0
espera,esper,0
conta,cont,0
exatamente,exat,0
arma,arma,0
longe,long,0
escola,escol,0
tentar,tent,0
droga,drog,0
ontem,ontem,0
causa,caus,0
chance,chanc,0
usar,usar,0
marido,marid,0
mão,mao,0
trabalhar,trabalh,0
sangue,sangu,0
esperar,esper,0
estranho,estranh,0
maior,maior,0
velho,velh,0
boca,boca,0
festa,fest,0
fala,fala,0
tirar,tir,0
licença,licenc,0
comer,com,0
fácil,facil,0
deixa,deix,0
novamente,nova,0
além,alem,0
irmã,irma,0
suficiente,suficient,0
pais,pais,0
segundo,segund,0
cinco,cinc,0
bebê,bebe,0
querido,querid,0
saia,saia,0
número,numer,0
conseguir,consegu,0
bastante,bastant,0
maneira,maneir,0
quatro,quatr,0
acontecer,acontec,0
criança,crianc,0
dormir,dorm,0
vindo,vind,0
possível,poss,0
casamento,cas,0
acordo,acord,0
equipe,equip,0
ruim,ruim,0
culpa,culp,0
jantar,jant,0
provavelmente,prov,0
telefone,telefon,0
mil,mil,0
forte,fort,0
sentir,sent,0
viver,viv,0
diferente,diferent,0
sozinho,sozinh,0
prazer,praz,0
pergunta,pergunt,0
final,final,0
minuto,minut,0
sala,sala,0
chega,cheg,0
único,unic,0
falta,falt,0
incrível,incr,0
vivo,vivo,0
mudar,mud,0
perder,perd,0
segurança,seguranc,0
pagar,pag,0
plano,plan,0
descobrir,descobr,0
conversar,convers,0
achar,ach,0
comida,comid,0
trás,tras,0
jovem,jovem,0
acreditar,acredit,0
olhar,olh,0
cama,cama,0
ponto,pont,0
passado,passad,0
pena,pena,0
colocar,coloc,0
tchau,tcha,0
ouça,ouca,0
nele,nele,0
calma,calm,0
filme,film,0
pedir,ped,0
paz,paz,0
louco,louc,0
palavra,palavr,0
cá,ca,0
pequeno,pequen,0
próximo,proxim,0
médico,medic,0
pensa,pens,0
ligar,lig,0
pior,pior,0
força,forc,0
mostrar,mostr,0
fogo,fogo,0
baixo,baix,0
acabar,acab,0
continuar,continu,0
luz,luz,0
jogar,jog,0
livro,livr,0
adeus,adeus,0
manter,mant,0
cedo,cedo,0
querer,quer,0
desculpa,desculp,0
hospital,hospital,0
atenção,atenca,0
seis,seis,0
último,ultim,0
chamar,cham,0
escritório,escritori,0
rei,rei,0
especial,especial,0
comprar,compr,0
após,apos,0
resto,rest,0
alô,alo,0
ganhar,ganh,0
controle,control,0
volte,volt,0
presidente,president,0
real,real,0
aonde,aond,0
precisar,precis,0
negócio,negoci,0
doutor,doutor,0
encontro,encontr,0
finalmente,final,0
cuidar,cuid,0
armas,armas,0
rua,rua,0
fato,fato,0
sentido,sentid,0
pequena,pequen,0
prisão,prisa,0
casar,cas,0
escolha,escolh,0
cabelo,cabel,0
engraçado,engracad,0
policial,policial,0
perfeito,perfeit,0
alto,alto,0
livre,livr,0
mente,ment,0
seguro,segur,0
menina,menin,0
bonito,bonit,0
futuro,futur,0
respeito,respeit,0
tio,tio,0
entender,entend,0
visto,vist,0
agente,agent,0
sinal,sinal,0
grupo,grup,0
andar,and,0
presente,present,0
rosto,rost,0
dor,dor,0
foto,foto,0
preso,pres,0
leve,leve,0
partir,part,0
sexo,sexo,0
voz,voz,0
assassino,assassin,0
chamado,chamad,0
sai,sai,0
situação,situ,0
ar,ar,0
tom,tom,0
grandes,grandes,0
modo,modo,0
viagem,viagem,0
sistema,sistem,0
simples,simples,0
linha,linh,0
salvar,salv,0
conhecer,conhec,0
emprego,empreg,0
chama,cham,0
dez,dez,0
mensagem,mensagem,0
idade,idad,0
crime,crim,0
questão,questa,0
trazer,traz,0
local,local,0
simplesmente,simples,0
lindo,lind,0
doente,doent,0
natal,nasc,0
professor,professor,0
rapaz,rapaz,0
motivo,motiv,0
seguir,segu,0
programa,program,0
campo,camp,0
normal,normal,0
continue,continu,0
vontade,vontad,0
chão,chao,0
sol,sol,0
surpresa,surpres,0
lista,list,0
sonho,sonh,0
olho,olho,0
terminar,termin,0
resposta,respost,0
beber,beb,0
ordem,ordem,0
hotel,hotel,0
caixa,caix,0
quente,quent,0
povo,povo,0
acidente,acident,0
erro,erro,0
advogado,advogad,0
aniversário,anivers,0
inferno,infern,0
ataque,ataqu,0
vale,vale,0
show,show,0
abrir,abr,0
parabéns,parabens,0
fome,fome,0
totalmente,total,0
loja,loja,0
energia,energi,0
conversa,convers,0
espaço,espac,0
serviço,serv,0
monte,mont,0
assassinato,assassinat,0
lei,lei,0
banco,banc,0
completamente,complet,0
divertido,divertid,0
segunda,segund,0
fundo,fund,0
lutar,lut,0
explicar,explic,0
céu,ceu,0
exército,exercit,0
mês,mes,0
passa,pass,0
olhada,olhad,0
carta,cart,0
lembrar,lembr,0
contato,contat,0
detetive,detetiv,0
passada,passad,0
papel,papel,0
área,area,0
governo,govern,0
abra,abra,0
interessante,interessant,0
horrível,horr,0
luta,luta,0
beleza,belez,0
certamente,cert,0
apartamento,apart,0
banheiro,banh,0
capaz,capaz,0
metade,metad,0
penso,pens,0
procurar,procur,0
tradução,traduca,0
velha,velh,0
triste,trist,0
prova,prov,0
barco,barc,0
decisão,decisa,0
tenente,tenent,0
bebida,bebid,0
através,atraves,0
conselho,conselh,0
avião,avia,0
juro,juro,0
ler,le,0
tocar,toc,0
breve,brev,0
frio,frio,0
bar,bar,0
anda,anda,0
missão,missa,0
chave,chav,0
lamento,lament,0
impossível,imposs,0
peça,peca,0
terrível,terr,0
maravilhoso,maravilh,0
haver,hav,0
maioria,maiori,0
leva,leva,0
verdadeiro,verdad,0
viva,viva,0
roupa,roup,0
sete,sete,0
vítima,vitim,0
nave,nave,0
assunto,assunt,0
imediatamente,imediat,0
cair,cair,0
loucura,louc,0
time,time,0
pobre,pobr,0
mar,mar,0
vista,vist,0
aposto,apost,0
paul,paul,0
general,general,0
mestre,mestr,0
senhorita,senhorit,0
celular,celular,0
oficial,oficial,0
cavalo,caval,0
companhia,companhi,0
somente,soment,0
esquecer,esquec,0
parecer,parec,0
serão,sera,0
padre,padr,0
começo,comec,0
buscar,busc,0
mau,mau,0
dito,dito,0
época,epoc,0
estrada,estrad,0
carne,carn,0
vestido,vestid,0
posição,pos,0
cheio,chei,0
fugir,fug,0
teste,test,0
maldito,maldit,0
chamada,chamad,0
ligação,lig,0
diferença,diferenc,0
junto,junt,0
planeta,planet,0
duro,duro,0
passo,pass,0
proteger,proteg,0
longo,long,0
cachorro,cachorr,0
embaixo,embaix,0
escrever,escrev,0
cliente,client,0
igual,igual,0
mandar,mand,0
bater,bat,0
falo,falo,0
basta,bast,0
provar,prov,0
esquerda,esquerd,0
coronel,coronel,0
direita,direit,0
aprender,aprend,0
correr,corr,0
empresa,empres,0
cérebro,cerebr,0
informação,inform,0
perigo,perig,0
bola,bola,0
relação,rel,0
doce,doce,0
destino,destin,0
branco,branc,0
gostar,gost,0
cerca,cerc,0
cerveja,cervej,0
resolver,resolv,0
cena,cena,0
norte,nort,0
público,publ,0
sentar,sent,0
tiro,tiro,0
oportunidade,oportun,0
cozinha,cozinh,0
tia,tia,0
inteligente,inteligent,0
toque,toqu,0
propósito,proposit,0
chá,cha,0
base,base,0
faculdade,faculdad,0
humano,human,0
graça,grac,0
lidar,lid,0
direto,diret,0
comandante,comandant,0
cantar,cant,0
honra,honr,0
trem,trem,0
ação,acao,0
depressa,depress,0
direção,direca,0
perigoso,perig,0
confiar,confi,0
sargento,sargent,0
oito,oito,0
cheiro,cheir,0
experiência,exper,0
clube,club,0
queira,queir,0
estúpido,estupid,0
justo,just,0
janela,janel,0
rio,rio,0
corte,cort,0
sucesso,sucess,0
lixo,lixo,0
desejo,desej,0
aceitar,aceit,0
quão,quao,0
escuta,escut,0
vinho,vinh,0
necessário,necess,0
preocupado,preocupad,0
saída,said,0
dançar,danc,0
rainha,rainh,0
comum,comum,0
liberdade,liberdad,0
pega,pega,0
entendido,entendid,0
tribunal,tribunal,0
verão,vera,0
repente,repent,0
vender,vend,0
belo,belo,0
máquina,maquin,0
silêncio,silenci,0
receber,receb,0
meia,meia,0
mentira,mentir,0
exemplo,exempl,0
contrário,contr,0
raiva,raiv,0
aula,aula,0
ora,ora,0
socorro,socorr,0
liga,liga,0
escolher,escolh,0
tornar,torn,0
preocupar,preocup,0
uau,uau,0
atirar,atir,0
azul,azul,0
pressão,pressa,0
série,seri,0
perdido,perdid,0
jamais,jamais,0
vermelho,vermelh,0
exceto,excet,0
legenda,legend,0
inteiro,inteir,0
comando,comand,0
cartão,carta,0
paciente,pacient,0
diretor,diretor,0
esperança,esperanc,0
ilha,ilha,0
câmera,camer,0
notícia,notici,0
revisão,revisa,0
devagar,devagar,0
banho,banh,0
bolsa,bols,0
excelente,excelent,0
alta,alta,0
bomba,bomb,0
preço,prec,0
esconder,escond,0
arte,arte,0
ocupado,ocupad,0
bill,bill,0
pedido,pedid,0
cão,cao,0
sequer,sequer,0
parceiro,parc,0
suspeito,suspeit,0
pele,pele,0
nível,nivel,0
opinião,opinia,0
pista,pist,0
emergência,emerg,0
computador,comput,0
seguinte,seguint,0
ônibus,onibus,0
nick,nick,0
rádio,radi,0
perdão,perda,0
apesar,apesar,0
justiça,just,0
braço,brac,0
líder,lider,0
cale,cale,0
pego,pego,0
vergonha,vergonh,0
criar,cri,0
almoço,almoc,0
coragem,coragem,0
risco,risc,0
som,som,0
roubar,roub,0
negro,negr,0
espírito,espirit,0
cansado,cansad,0
defesa,defes,0
principal,principal,0
bunda,bund,0
especialmente,especial,0
enorme,enorm,0
funcionar,funcion,0
imaginar,imagin,0
inimigo,inimig,0
brilhante,brilhant,0
julgamento,julg,0
cheia,chei,0
aparecer,aparec,0
longa,long,0
juiz,juiz,0
gay,gay,0
piada,piad,0
realidade,real,0
procura,proc,0
relatório,relatori,0
restaurante,restaurant,0
responsável,respons,0
diante,diant,0
dúvida,duvid,0
evitar,evit,0
pedaço,pedac,0
destruir,destru,0
classe,class,0
cheguei,chegue,0
subir,sub,0
brincar,brinc,0
buraco,burac,0
ido,ido,0
infelizmente,felic,0
herói,hero,0
cadeia,cadei,0
acima,acim,0
gelo,gelo,0
corrida,corr,0
xerife,xerif,0
busca,busc,0
visão,vis,0
investigação,investig,0
limpar,limp,0
árvore,arvor,0
inglês,ingles,0
vídeo,vide,0
início,inici,0
endereço,enderec,0
prédio,predi,0
tamanho,tamanh,0
nervoso,nerv,0
laboratório,laboratori,0
parede,pared,0
brincadeira,brincad,0
amar,am,0
cortar,cort,0
entrada,entrad,0
cor,cor,0
natureza,natur,0
testemunha,testemunh,0
projeto,projet,0
carreira,carr,0
navio,navi,0
limpo,limp,0
código,codig,0
responder,respond,0
movimento,moviment,0
ridículo,ridicul,0
estilo,estil,0
jornal,jornal,0
bêbado,bebad,0
animal,animal,0
inocente,inocent,0
toma,toma,0
fé,fe,0
mudança,mudanc,0
memória,memori,0
departamento,depart,0
confiança,confianc,0
absolutamente,absolut,0
afinal,afinal,0
contas,contas,0
total,total,0
dirigir,dirig,0
obviamente,obvi,0
episódio,episodi,0
major,major,0
pescoço,pescoc,0
preparar,prepar,0
mantenha,mantenh,0
grávida,gravid,0
processo,process,0
entregar,entreg,0
temporada,temporad,0
cadeira,cadeir,0
soldado,soldad,0
tira,tira,0
assistir,assist,0
coma,coma,0
agradecer,agradec,0
férias,ferias,0
desafio,desafi,0
monstro,monstr,0
redor,redor,0
menor,menor,0
virar,vir,0
perna,pern,0
operação,oper,0
visita,visit,0
caro,caro,0
imagem,imagem,0
escapar,escap,0
bala,bala,0
apresentar,apresent,0
distância,dist,0
chorar,chor,0
van,van,0
vencer,venc,0
definitivamente,definitiv,0
particular,particular,0
nariz,nariz,0
par,par,0
fantástico,fantast,0
branca,branc,0
dado,dado,0
nove,nove,0
beijo,beij,0
quieto,quiet,0
decidir,decid,0
troca,troc,0
verde,verd,0
seguida,seguid,0
uso,uso,0
abaixo,abaix,0
antigo,antig,0
madame,madam,0
passe,pass,0
apoio,apoi,0
mercado,mercad,0
escuro,escur,0
bolo,bolo,0
conhecido,conhec,0
valor,valor,0
doença,doenc,0
caminhão,caminha,0
rico,rico,0
espécie,especi,0
culpado,culpad,0
presa,pres,0
barulho,barulh,0
agradável,agrad,0
arrumar,arrum,0
baby,baby,0
política,polit,0
majestade,majestad,0
parque,parqu,0
quebrar,quebr,0
discutir,discut,0
desistir,desist,0
levantar,levant,0
daquela,daquel,0
velocidade,veloc,0
avó,avo,0
cirurgia,cirurgi,0
milhão,milha,0
acesso,acess,0
machucar,machuc,0
dever,dev,0
cinema,cinem,0
livrar,livr,0
vento,vent,0
encontrado,encontrad,0
acabado,acabad,0
sobreviver,sobreviv,0
fechar,fech,0
permissão,permissa,0
maldição,mald,0
briga,brig,0
manda,mand,0
anel,anel,0
pago,pago,0
maldita,maldit,0
normalmente,normal,0
parado,parad,0
dono,dono,0
descansar,descans,0
palco,palc,0
ponte,pont,0
casado,cas,0
língua,lingu,0
ouvido,ouv,0
peso,peso,0
trocar,troc,0
debaixo,debaix,0
correto,corret,0
relacionamento,relacion,0
obter,obt,0
controlar,control,0
calças,calcas,0
orgulho,orgulh,0
acordar,acord,0
interesse,interess,0
garrafa,garraf,0
mentir,ment,0
contrato,contrat,0
sentado,sentad,0
aberta,abert,0
ameaça,ameac,0
esperto,espert,0
descer,desc,0
vovó,vovo,0
futebol,futebol,0
camisa,camis,0
lar,lar,0
aparentemente,aparent,0
maiores,maiores,0
nacional,nacional,0
sociedade,sociedad,0
táxi,taxi,0
voar,voar,0
agir,agir,0
enviar,envi,0
teoria,teori,0
oferta,ofert,0
preto,pret,0
ligado,ligad,0
resultado,resultad,0
profissional,profissional,0
perda,perd,0
fantasma,fantasm,0
altura,altur,0
calor,calor,0
maluco,maluc,0
assistente,assistent,0
vitória,vitori,0
feita,feit,0
adorável,ador,0
chapéu,chape,0
divertir,divert,0
morar,mor,0
colega,coleg,0
senão,sena,0
verificar,verific,0
príncipe,princip,0
porco,porc,0
mostra,mostr,0
pessoalmente,pessoal,0
natural,natural,0
enfim,enfim,0
fonte,font,0
motorista,motor,0
visitar,visit,0
diversão,diversa,0
universidade,univers,0
terceiro,terc,0
juntar,junt,0
unidade,unidad,0
responsabilidade,respons,0
firme,firm,0
artista,artist,0
pesquisa,pesquis,0
pressa,press,0
rapidamente,rapid,0
consertar,consert,0
servir,serv,0
usado,usad,0
cala,cala,0
escrito,escrit,0
casal,casal,0
oeste,oest,0
interessado,interessad,0
casaco,casac,0
aberto,abert,0
canção,canca,0
chuva,chuv,0
espada,espad,0
bordo,bord,0
demorar,demor,0
ensinar,ensin,0
acaso,acas,0
dedo,dedo,0
sábado,sabad,0
pertence,pertenc,0
baile,bail,0
geral,geral,0
atrasado,atrasad,0
parada,parad,0
torna,torn,0
entanto,entant,0
proteção,proteca,0
fita,fita,0
armário,armari,0
crédito,credit,0
imprensa,imprens,0
aviso,avis,0
acampamento,acamp,0
objetivo,objet,0
grana,gran,0
construir,constru,0
sensação,sens,0
competição,compet,0
militar,milit,0
paga,paga,0
corra,corr,0
orgulhoso,orgulh,0
tenta,tent,0
besteira,best,0
propriedade,propriedad,0
partido,partid,0
enfermeira,enferm,0
rir,ris,0
roubo,roub,0
apaixonado,apaixonad,0
membro,membr,0
chocolate,chocolat,0
corredor,corr,0
material,material,0
sexual,sexual,0
devido,devid,0
acorde,acord,0
lance,lanc,0
lago,lago,0
atacar,atac,0
primo,prim,0
toca,toca,0
felicidade,felic,0
pão,pao,0
carona,caron,0
prefeito,prefeit,0
confusão,confusa,0
peito,peit,0
rock,rock,0
inútil,inutil,0
vingança,vinganc,0
topo,topo,0
contente,content,0
invés,inves,0
ferido,ferid,0
humor,humor,0
curso,curs,0
lição,lica,0
aeroporto,aeroport,0
original,original,0
prêmio,premi,0
exato,exat,0
júri,juri,0
homicídio,homicidi,0
impedir,imped,0
copo,copo,0
completo,complet,0
nota,nota,0
falso,fals,0
anjo,anjo,0
soa,soa,0
tempestade,tempestad,0
útil,util,0
recuperar,recuper,0
posto,post,0
explosão,explosa,0
admitir,admit,0
cabo,cabo,0
melhorar,melhor,0
explodir,explod,0
venda,vend,0
acontecido,acontecid,0
oferecer,oferec,0
crescer,cresc,0
presença,presenc,0
tecnologia,tecnologi,0
ultimamente,ultim,0
avisar,avis,0
via,via,0
preparado,preparad,0
mapa,mapa,0
viajar,viaj,0
neve,neve,0
perceber,perceb,0
ciência,cienci,0
golpe,golp,0
efeito,efeit,0
discurso,discurs,0
entrevista,entrev,0
complicado,complicad,0
gás,gas,0
mel,mel,0
rosa,rosa,0
reino,rein,0
tratamento,trat,0
data,data,0
aceito,aceit,0
canto,cant,0
óbvio,obvi,0
ladrão,ladra,0
tentativa,tentat,0
francês,frances,0
leste,lest,0
impressionante,impressionant,0
necessidade,necess,0
conhecimento,conhec,0
apresentação,apresent,0
assustador,assust,0
bolas,bolas,0
fundos,fundos,0
segurar,segur,0
intenção,intenca,0
gritar,grit,0
garantir,garant,0
sexy,sexy,0
evidência,evid,0
familiar,familiar,0
muda,muda,0
tolo,tolo,0
claramente,clar,0
mate,mate,0
favorito,favorit,0
cheque,chequ,0
poderoso,poder,0
perfeitamente,perfeit,0
século,secul,0
vinte,vint,0
vazio,vazi,0
respirar,respir,0
opção,opca,0
amizade,amig,0
suicídio,suicidi,0
gênio,geni,0
exame,exam,0
fingir,fing,0
talento,talent,0
extra,extr,0
social,social,0
comunidade,comun,0
atender,atend,0
solução,soluca,0
fechado,fechad,0
confortável,confort,0
chato,chat,0
corre,corr,0
mandado,mandad,0
interior,interior,0
fraco,frac,0
terceira,terc,0
ato,ato,0
famoso,famos,0
geralmente,geral,0
magia,magi,0
fazenda,fazend,0
identidade,ident,0
consciência,consc,0
porcaria,porc,0
treinador,trein,0
carteira,cart,0
estudar,estud,0
queijo,queij,0
comportamento,comport,0
bagunça,bagunc,0
violência,viol,0
transar,trans,0
vestir,vest,0
prender,prend,0
assinar,assin,0
inspetor,inspetor,0
mexer,mex,0
anteriormente,anterior,0
envolvido,envolvid,0
tratar,trat,0
mano,mano,0
truque,truqu,0
vantagem,vantagem,0
arquivo,arqu,0
star,star,0
puxa,puxa,0
passeio,passei,0
porém,porem,0
recentemente,recent,0
incêndio,incendi,0
impressão,impressa,0
pizza,pizz,0
sono,sono,0
zero,zero,0
bando,band,0
demônio,demoni,0
fábrica,fabr,0
piloto,pilot,0
choque,choqu,0
mundial,mundial,0
joga,joga,0
nojento,nojent,0
instante,instant,0
queda,qued,0
inteligência,intelig,0
óculos,oculos,0
limpa,limp,0
qualidade,qual,0
humanidade,human,0
mágica,magic,0
corda,cord,0
sujeito,sujeit,0
pânico,panic,0
surpreso,surpres,0
sujo,sujo,0
amante,am,0
dura,dura,0
bate,bate,0
bolso,bols,0
raio,raio,0
lavar,lav,0
quebrado,quebrad,0
sincronia,sincroni,0
devolver,devolv,0
gigante,gigant,0
motor,motor,0
funeral,funeral,0
parecido,parecid,0
secreto,secret,0
sofá,sofa,0
permitir,permit,0
zona,zona,0
fila,fila,0
convidado,convidad,0
negra,negr,0
alerta,alert,0
basicamente,basic,0
televisão,televisa,0
solo,solo,0
arriscar,arrisc,0
evento,event,0
piscina,piscin,0
deserto,desert,0
desculpar,desculp,0
vôo,voo,0
miss,miss,0
cuido,cuid,0
folga,folg,0
grave,grav,0
enfrentar,enfrent,0
massa,mass,0
pensado,pensad,0
promessa,promess,0
regra,regr,0
antigos,antigos,0
balas,balas,0
checar,chec,0
fantasia,fantasi,0
confuso,confus,0
delegacia,delegaci,0
desligar,deslig,0
escondido,escondid,0
moda,moda,0
mover,mov,0
frango,frang,0
torre,torr,0
cigarro,cigarr,0
arranjar,arranj,0
fumar,fum,0
percebe,perceb,0
gerente,gerent,0
mentiroso,mentir,0
companheiro,companh,0
versão,versa,0
milagre,milagr,0
apostar,apost,0
limite,limit,0
revista,revist,0
sede,sede,0
pesadelo,pesadel,0
pesado,pesad,0
placa,plac,0
conexão,conexa,0
chef,chef,0
conto,cont,0
praticamente,pratic,0
beijar,beij,0
sentimento,sent,0
covarde,covard,0
estômago,estomag,0
escutar,escut,0
inacreditável,inacredit,0
cavalheiro,cavalh,0
big,big,0
armadilha,armadilh,0
divórcio,divorci,0
ministro,ministr,0
mínimo,minim,0
selvagem,selvagem,0
pássaro,passar,0
levado,levad,0
superior,superior,0
bilhete,bilhet,0
calmo,calm,0
rato,rato,0
traseiro,tras,0
assumir,assum,0
carga,carg,0
caça,caca,0
receio,recei,0
roubado,roubad,0
solta,solt,0
bobagem,bobagem,0
período,period,0
guardar,guard,0
treinamento,trein,0
garganta,gargant,0
pagamento,pagament,0
bruxa,brux,0
marinha,marinh,0
tarefa,taref,0
alemão,alema,0
condição,cond,0
entrega,entreg,0
dama,dama,0
recompensa,recompens,0
aparência,apar,0
cruel,cruel,0
espelho,espelh,0
principalmente,principal,0
página,pagin,0
relaxar,relax,0
quadro,quadr,0
estúdio,estudi,0
voto,voto,0
cozinhar,cozinh,0
baixa,baix,0
senso,sens,0
uniforme,uniform,0
cofre,cofr,0
tento,tent,0
chateado,chatead,0
dividir,divid,0
cura,cura,0
defender,defend,0
remédio,remedi,0
urso,urso,0
porão,pora,0
ambulância,ambul,0
honestamente,honest,0
escuridão,escurida,0
agência,agenci,0
vila,vila,0
criatura,cri,0
diretamente,diret,0
jogada,jog,0
acordado,acordad,0
canal,canal,0
leia,leia,0
possibilidade,poss,0
aluguel,aluguel,0
garagem,garagem,0
governador,govern,0
artigo,artig,0
sorvete,sorvet,0
compromisso,compromiss,0
aposta,apost,0
sopa,sopa,0
educação,educ,0
facilmente,facil,0
acusação,acus,0
saudável,saud,0
bairro,bairr,0
causar,caus,0
dom,dom,0
jogador,jog,0
pacote,pacot,0
cia,cia,0
criminoso,crimin,0
gasolina,gasolin,0
diário,diari,0
vírus,virus,0
sexta,sext,0
estragar,estrag,0
botão,bota,0
convencer,convenc,0
tribo,trib,0
acertar,acert,0
vidro,vidr,0
ilegal,ilegal,0
vencedor,venc,0
enganar,engan,0
superar,super,0
gordo,gord,0
federal,federal,0
bicicleta,biciclet,0
adiante,adiant,0
alarme,alarm,0
atitude,atitud,0
feio,feio,0
custa,cust,0
excelência,excel,0
mina,mina,0
disposto,dispost,0
fase,fase,0
colégio,colegi,0
disco,disc,0
desastre,desastr,0
partida,partid,0
campeão,campea,0
salão,sala,0
cópia,copi,0
babá,baba,0
fechada,fechad,0
fuga,fuga,0
falado,falad,0
ódio,odio,0
explicação,explic,0
aldeia,aldei,0
coincidência,coincid,0
love,love,0
torta,tort,0
álcool,alcool,0
açúcar,acucar,0
câmara,camar,0
infância,infanci,0
veneno,venen,0
corta,cort,0
uísque,uisqu,0
meritíssimo,meritissim,0
paciência,paci,0
engano,engan,0
mato,mato,0
pulso,puls,0
esforço,esforc,0
cobertura,cobert,0
horário,horari,0
sombra,sombr,0
cego,cego,0
assustado,assustad,0
reputação,reput,0
baseado,basead,0
reação,reaca,0
habilidade,habil,0
mágico,magic,0
mistério,misteri,0
péssimo,pessim,0
quantidade,quant,0
pular,pul,0
declaração,declar,0
adivinhar,adivinh,0
esquecido,esquecid,0
secreta,secret,0
obra,obra,0
biblioteca,bibliotec,0
desaparecer,desaparec,0
região,regia,0
superfície,superfici,0
telhado,telhad,0
combate,combat,0
clínica,clin,0
cheira,cheir,0
torno,torn,0
elevador,elev,0
compra,compr,0
ferida,ferid,0
nação,naca,0
transporte,transport,0
importância,import,0
pintura,pint,0
fria,fria,0
transformar,transform,0
popular,popul,0
crise,cris,0
proposta,propost,0
participar,particip,0
queimar,queim,0
extremamente,extrem,0
cela,cela,0
molho,molh,0
metal,metal,0
ambiente,ambient,0
resgate,resgat,0
burro,burr,0
terno,tern,0
macaco,macac,0
salário,salari,0
estacionamento,estacion,0
entregue,entregu,0
depósito,deposit,0
literalmente,literal,0
senador,senador,0
amém,amem,0
morrido,morrid,0
preocupação,preocup,0
fumaça,fumac,0
imaginação,imagin,0
médio,medi,0
moto,moto,0
sessão,sessa,0
audiência,audi,0
alcance,alcanc,0
nadar,nad,0
tripulação,tripul,0
brigar,brig,0
terapia,terapi,0
sal,sal,0
naturalmente,natural,0
enganado,enganad,0
acalmar,acalm,0
eis,eis,0
alimentar,aliment,0
curto,curt,0
pó,po,0
romântico,romant,0
votar,vot,0
clima,clim,0
palácio,palaci,0
recado,recad,0
ganho,ganh,0
dona,dona,0
templo,templ,0
aproveitar,aproveit,0
ritmo,ritm,0
barato,barat,0
especialista,especial,0
aliás,alias,0
abrigo,abrig,0
histórico,histor,0
museu,muse,0
assalto,assalt,0
edifício,edifici,0
carregar,carreg,0
sofrimento,sofr,0
acusado,acusad,0
criado,criad,0
infeliz,felic,0
estudante,estudant,0
ator,ator,0
teto,teto,0
divisão,divisa,0
aumentar,aument,0
secretária,secret,0
matéria,materi,0
lembranças,lembrancas,0
onda,onda,0
sofrer,sofr,0
barriga,barrig,0
king,king,0
almoçar,almoc,0
território,terr,0
importar,import,0
raça,raca,0
retorno,retorn,0
perdoar,perdo,0
vizinho,vizinh,0
falha,falh,0
jornada,jornad,0
atraente,atraent,0
romance,romanc,0
provável,prov,0
delicioso,delic,0
estudo,estud,0
autoridade,autor,0
febre,febr,0
convite,convit,0
investigar,investig,0
soltar,solt,0
compartilhar,compartilh,0
colar,col,0
moral,moral,0
lorde,lord,0
papo,papo,0
correio,correi,0
camarada,camarad,0
cultura,cult,0
prisioneiro,prision,0
distante,distant,0
acompanhar,acompanh,0
organização,organiz,0
assassinado,assassinad,0
veículo,veicul,0
espacial,espacial,0
cores,cores,0
maconha,maconh,0
sanduíche,sanduich,0
esquisito,esquisit,0
revolução,revoluca,0
temperatura,temperat,0
fio,fio,0
mínima,minim,0
top,top,0
máscara,mascar,0
corações,cor,0
perca,perc,0
disponível,dispon,0
possivelmente,poss,0
bata,bata,0
memórias,memorias,0
saído,said,0
russo,russ,0
papa,papa,0
cerimônia,cerimoni,0
comunicação,comunic,0
animado,animad,0
flor,flor,0
urgente,urgent,0
capital,capital,0
personagem,personagem,0
aguentar,aguent,0
ponta,pont,0
fresco,fresc,0
tranquilo,tranquil,0
piano,pian,0
discussão,discussa,0
separar,separ,0
suco,suco,0
nascer,nasc,0
incomodar,incomod,0
lenda,lend,0
afastar,afast,0
brinde,brind,0
ficha,fich,0
absurdo,absurd,0
capa,capa,0
anterior,anterior,0
construção,construca,0
incidente,incident,0
traidor,traidor,0
alcançar,alcanc,0
capacidade,capac,0
helicóptero,helicopter,0
suspeita,suspeit,0
doido,doid,0
puro,puro,0
gastar,gast,0
coroa,coro,0
suportar,suport,0
gangue,gangu,0
valer,val,0
turno,turn,0
negativo,negat,0
profundo,profund,0
civil,civil,0
cumprir,cumpr,0
cobrir,cobr,0
título,titul,0
atravessar,atravess,0
geração,ger,0
cargo,carg,0
derrubar,derrub,0
império,imperi,0
tema,tema,0
mortal,morr,0
atirador,atir,0
túnel,tunel,0
vira,vira,0
retirar,retir,0
trato,trat,0
inclusive,inclusiv,0
amostra,amostr,0
ansioso,ansi,0
chegada,chegad,0
potencial,potencial,0
abraço,abrac,0
multidão,multida,0
esquina,esquin,0
pastor,pastor,0
positivo,posit,0
retornar,retorn,0
ensino,ensin,0
curioso,curi,0
vigilância,vigil,0
interromper,interromp,0
experimentar,experiment,0
destruição,destr,0
técnica,tecn,0
repetir,repet,0
bateria,bateri,0
sinceramente,sincer,0
imperador,imper,0
cole,cole,0
culpar,culp,0
barba,barb,0
localização,localiz,0
osso,osso,0
adorar,ador,0
significado,significad,0
pecado,pecad,0
site,site,0
ombro,ombr,0
rota,rota,0
resolvido,resolvid,0
desaparecido,desaparecid,0
personalidade,personal,0
turma,turm,0
almirante,almirant,0
considerar,consider,0
mental,mental,0
produção,produca,0
resistência,resist,0
caminhar,caminh,0
combustível,combust,0
cabana,caban,0
atual,atual,0
limpeza,limp,0
durar,dur,0
abandonar,abandon,0
invasão,invasa,0
promotor,promotor,0
atrasar,atras,0
dispositivo,disposit,0
confirmar,confirm,0
esquerdo,esquerd,0
caçar,cac,0
internacional,internacional,0
religião,religia,0
concordar,concord,0
refeição,refe,0
condenado,condenad,0
palhaço,palhac,0
tanque,tanqu,0
calar,cal,0
heroína,heroin,0
aventura,avent,0
nobre,nobr,0
aceite,aceit,0
egoísta,egoist,0
imunidade,imun,0
puxar,pux,0
dupla,dupl,0
judeu,jude,0
meter,met,0
comercial,comercial,0
privada,privad,0
robô,robo,0
letra,letr,0
solitário,solit,0
cadáver,cadaver,0
boneca,bonec,0
encarar,encar,0
mude,mude,0
lealdade,lealdad,0
sensível,sens,0
câmbio,cambi,0
entretanto,entretant,0
anúncio,anunci,0
calça,calc,0
círculo,circul,0
envolver,envolv,0
confissão,confissa,0
respiração,respir,0
concentrar,concentr,0
enviado,enviad,0
corajoso,coraj,0
sapato,sapat,0
exterior,exterior,0
seção,seca,0
comitê,comit,0
contado,contad,0
satisfeito,satisfeit,0
chinês,chines,0
tinta,tint,0
ferrar,ferr,0
prazo,praz,0
frase,fras,0
permanecer,permanec,0
decente,decent,0
marcar,marc,0
saio,saio,0
pausa,paus,0
creme,crem,0
convidar,convid,0
encher,ench,0
quarta,quart,0
novidade,novidad,0
visual,vis,0
espetáculo,espetacul,0
expressão,expressa,0
gostoso,gost,0
lata,lata,0
receita,receit,0
colocado,colocad,0
adulto,adult,0
despedida,despedid,0
cinto,cint,0
tênis,tenis,0
oxigênio,oxigeni,0
traição,tra,0
eliminar,elimin,0
princípio,principi,0
emoção,emoca,0
oficialmente,oficial,0
caverna,cavern,0
vaga,vaga,0
feitiço,feit,0
impacto,impact,0
produto,produt,0
golfe,golf,0
gravação,grav,0
estratégia,estrategi,0
cometer,comet,0
adolescente,adolescent,0
curar,cur,0
poço,poco,0
identificação,identific,0
cavaleiro,caval,0
jaqueta,jaquet,0
desejar,desej,0
duplo,dupl,0
destruído,destruid,0
calado,calad,0
apagar,apag,0
medida,medid,0
tradição,trad,0
assustar,assust,0
esquadrão,esquadra,0
fofo,fofo,0
espião,espia,0
queixa,queix,0
amável,am,0
besta,best,0
coleção,coleca,0
média,medi,0
nuclear,nucle,0
análise,analis,0
recepção,recepca,0
tristeza,trist,0
patrão,patra,0
cancelar,cancel,0
maquiagem,maquiagem,0
escolhido,escolhid,0
desenho,desenh,0
vizinhança,vizinhanc,0
emocionante,emocionant,0
influência,infl,0
marco,marc,0
guia,guia,0
salada,salad,0
dente,dent,0
gata,gata,0
apoiar,apoi,0
observando,observand,0
largar,larg,0
comissário,comiss,0
dificuldade,dificuldad,0
arroz,arroz,0
negar,neg,0
alteza,altez,0
prática,prat,0
rude,rude,0
dívida,divid,0
população,popul,0
comemorar,comemor,0
infantil,infantil,0
objeto,objet,0
agenda,agend,0
deitar,deit,0
identificar,identific,0
aumento,aument,0
escritor,escritor,0
desconhecido,desconhecid,0
conferência,confer,0
amanhecer,amanhec,0
laranja,laranj,0
espanhol,espanhol,0
existência,exist,0
negociar,negoci,0
atividade,ativ,0
genial,genial,0
drama,dram,0
treinar,trein,0
realizar,realiz,0
apressar,apress,0
solar,sol,0
miserável,miser,0
lançamento,lanc,0
adivinha,adiv,0
petróleo,petrole,0
símbolo,simbol,0
caneta,canet,0
curta,curt,0
informar,inform,0
dano,dano,0
sagrado,sagrad,0
manteiga,manteig,0
sobrinho,sobr,0
geladeira,gelad,0
atingido,atingid,0
salve,salv,0
conjunto,conjunt,0
cerebral,cerebral,0
fraude,fraud,0
comissão,comissa,0
condicional,condicional,0
tecnicamente,tecnic,0
testemunhar,testemunh,0
demora,demor,0
caia,caia,0
chegado,chegad,0
cabine,cabin,0
meias,meias,0
confessar,confess,0
despedir,desped,0
solteiro,solt,0
terror,terror,0
tragédia,tragedi,0
planejado,planejad,0
sócio,soci,0
ex,ex,0
treino,trein,0
castigo,castig,0
dose,dose,0
assinatura,assinat,0
combinação,combin,0
festival,festival,0
ensaio,ensai,0
túmulo,tumul,0
tentado,tentad,0
julgar,julg,0
intervalo,interval,0
resistir,resist,0
juventude,juventud,0
sacrifício,sacrifici,0
político,polit,0
musical,musical,0
perfil,perfil,0
demitido,demitid,0
técnico,tecn,0
sabor,sabor,0
foco,foco,0
inveja,invej,0
grátis,gratis,0
mencionar,mencion,0
cemitério,cemiteri,0
testar,test,0
cientista,cient,0
protesto,protest,0
tratado,tratad,0
suave,suav,0
lentamente,lent,0
maio,maio,0
procedimento,proced,0
lançar,lanc,0
fotografia,fotografi,0
folha,folh,0
cocaína,cocain,0
francamente,franc,0
águas,aguas,0
leitura,leit,0
sincero,sincer,0
terreno,terr,0
banheira,banh,0
trinta,trint,0
grama,gram,0
gentileza,gentil,0
indústria,industri,0
larga,larg,0
formar,form,0
autorização,autoriz,0
rotina,rotin,0
luvas,luvas,0
arrancar,arranc,0
fascinante,fascinant,0
estrutura,estrut,0
cinzas,cinzas,0
terrorista,terror,0
grau,grau,0
xixi,xixi,0
mama,mama,0
folhas,folhas,0
dobro,dobr,0
concurso,concurs,0
trânsito,transit,0
álibi,alib,0
reverendo,reverend,0
arruinar,arruin,0
circo,circ,0
felizmente,felic,0
arrepender,arrepend,0
elegante,elegant,0
reconhecer,conhec,0
incomum,incomum,0
xícara,xicar,0
centavo,centav,0
apertar,apert,0
reclamar,reclam,0
confusa,confus,0
sentença,sentenc,0
ocasião,ocasia,0
clássico,class,0
azar,azar,0
plástico,plast,0
esperado,esperad,0
descoberta,descobert,0
repórter,reporter,0
rocha,roch,0
maçã,maca,0
exposição,expos,0
gabinete,gabinet,0
gene,gene,0
ideal,ideal,0
contratar,contrat,0
patrulha,patrulh,0
mídia,midi,0
existir,exist,0
independente,independent,0
custo,cust,0
linguagem,linguagem,0
rezar,rez,0
beco,beco,0
tatuagem,tatuagem,0
irritado,irritad,0
passaporte,passaport,0
setor,setor,0
tecido,tecid,0
origem,origem,0
grato,grat,0
aço,aco,0
empregada,empregad,0
frequência,freq,0
desagradável,desagrad,0
emprestado,emprestad,0
crer,crer,1
selva,selv,1
trago,trag,1
aproximar,aproxim,1
privacidade,privac,1
pintar,pint,1
cardíaco,corac,1
odiar,odi,1
solto,solt,1
amarelo,amarel,1
igualmente,igual,1
aguente,aguent,1
ciente,cient,1
mudado,mudad,1
profundamente,profund,1
tapete,tapet,1
pesada,pesad,1
gravidade,grav,1
vomitar,vomit,1
esclarecer,esclarec,1
junho,junh,1
depoimento,depo,1
ignorar,ignor,1
gatilho,gatilh,1
atualmente,atual,1
tomada,tomad,1
fiança,fianc,1
rumo,rumo,1
batida,batid,1
secretário,secret,1
transmissão,transmissa,1
raro,raro,1
reunir,reun,1
recente,recent,1
prometer,promet,1
filmar,film,1
alegre,alegr,1
docinho,docinh,1
troco,troc,1
lembrança,lembranc,1
nora,nora,1
abril,abril,1
escala,escal,1
abertura,abert,1
muro,muro,1
palpite,palpit,1
luto,luto,1
brinquedo,brinqued,1
gado,gado,1
enterrado,enterrad,1
soco,soco,1
celebrar,celebr,1
luxo,luxo,1
telefonema,telefonem,1
planta,plant,1
portal,portal,1
derrotar,derrot,1
parto,part,1
machucado,machucad,1
taxa,taxa,1
figura,figur,1
fecha,fech,1
libertar,libert,1
custar,cust,1
drinque,drinqu,1
confiante,confiant,1
meta,meta,1
seca,seca,1
atingir,ating,1
solteira,solt,1
voltado,voltad,1
recusar,recus,1
seco,seco,1
radiação,radi,1
físico,fisic,1
achado,achad,1
tiroteio,tirotei,1
transferência,transfer,1
dica,dica,1
sobremesa,sobremes,1
beisebol,beisebol,1
capítulo,capitul,1
alienígena,alienigen,1
baleado,balead,1
senha,senh,1
vampiro,vampir,1
dólar,dolar,1
iniciar,inici,1
economia,economi,1
distrito,distrit,1
proibido,proibid,1
crânio,crani,1
revelar,revel,1
psiquiatra,psiquiatr,1
caminhada,caminhad,1
exercício,exercici,1
costume,costum,1
mochila,mochil,1
patético,patet,1
couro,cour,1
trilha,trilh,1
atmosfera,atmosfer,1
tensão,tensa,1
preta,pret,1
deter,det,1
menores,menores,1
audição,ouv,1
testemunho,testemunh,1
testamento,test,1
mentes,mentes,1
razoável,razo,1
canalha,canalh,1
prioridade,prior,1
emocional,emocional,1
wow,wow,1
pasta,past,1
bondade,bondad,1
tubo,tubo,1
sobrevivência,sobreviv,1
trauma,traum,1
eleição,ele,1
sujeira,sujeir,1
profissão,profissa,1
traficante,traficant,1
gravar,grav,1
viúva,viuv,1
vingar,ving,1
basquete,basquet,1
apertado,apertad,1
criada,criad,1
quebrada,quebrad,1
empréstimo,emprestim,1
esporte,esport,1
jogado,jogad,1
documento,document,1
vendedor,vend,1
trono,tron,1
confiável,conf,1
caixão,caixa,1
zangado,zangad,1
notar,not,1
aparelho,aparelh,1
convencido,convencid,1
interrogatório,interrogatori,1
perfume,perfum,1
embaixador,embaix,1
álbum,album,1
neto,neto,1
termo,term,1
excitante,excitant,1
britânico,britan,1
satélite,satelit,1
passear,passe,1
namorar,namor,1
conceito,conceit,1
penny,penny,1
disparar,dispar,1
ferir,fer,1
processar,process,1
descrição,descr,1
solitária,solit,1
chip,chip,1
liderança,lideranc,1
mistura,mist,1
turnê,turn,1
emprestar,emprest,1
shopping,shopping,1
jornalista,jornal,1
instinto,instint,1
complexo,complex,1
violento,violent,1
praticar,pratic,1
criminal,criminal,1
fígado,figad,1
invadir,invad,1
lógica,logic,1
incrivelmente,incr,1
tortura,tort,1
escrita,escrit,1
tremendo,tremend,1
tomo,tomo,1
conspiração,conspir,1
feminino,feminin,1
surpreendente,surpreendent,1
quintal,quintal,1
brilho,brilh,1
formação,form,1
apanhar,apanh,1
feira,feir,1
conforme,conform,1
sábio,sabi,1
falhar,falh,1
cabe,cabe,1
trailer,trailer,1
parente,parent,1
loira,loir,1
agosto,agost,1
votação,vot,1
fiel,fiel,1
função,funca,1
viciado,viciad,1
bagagem,bagagem,1
curiosidade,curios,1
ramo,ramo,1
reconhecimento,conhec,1
batata,batat,1
pescar,pesc,1
congresso,congress,1
edição,edica,1
sortudo,sortud,1
considerado,considerad,1
publicidade,public,1
sorrir,ris,1
decidido,decidid,1
toalha,toalh,1
dance,danc,1
candidato,candidat,1
chutar,chut,1
nascido,nascid,1
civilização,civiliz,1
cidadão,cidada,1
isca,isca,1
digital,digital,1
cento,cent,1
sobrenome,sobrenom,1
poeira,poeir,1
hall,hall,1
invisível,vis,1
promoção,promoca,1
estátua,estatu,1
caído,caid,1
orelha,orelh,1
garçom,garcom,1
autópsia,autopsi,1
tigre,tigr,1
pato,pato,1
alternativa,alternat,1
informado,informad,1
consulta,consult,1
lento,lent,1
fraqueza,fraq,1
eventualmente,eventual,1
organizar,organiz,1
roda,roda,1
conflito,conflit,1
execução,execuca,1
conseguido,conseguid,1
comuns,comuns,1
inconsciente,inconscient,1
juízo,juiz,1
online,onlin,1
milho,milh,1
restos,restos,1
estresse,estress,1
colegial,colegial,1
traje,traj,1
apropriado,apropriad,1
conclusão,conclusa,1
compreender,compreend,1
estável,est,1
global,global,1
cria,cria,1
misericórdia,misericordi,1
prestar,prest,1
vinda,vind,1
privado,privad,1
substituir,substitu,1
detalhe,detalh,1
garantia,garanti,1
bacana,bacan,1
pop,pop,1
extraordinário,extraordin,1
horror,horror,1
recorde,record,1
eternidade,etern,1
seguido,seguid,1
ídolo,idol,1
taco,taco,1
doer,doer,1
agressão,agressa,1
boy,boy,1
quebra,quebr,1
supostamente,supost,1
galera,galer,1
motel,motel,1
permitido,permitid,1
caráter,carater,1
administração,administr,1
observar,observ,1
furioso,furi,1
cobre,cobr,1
procurado,procurad,1
sobrinha,sobr,1
joelho,joelh,1
disfarce,disfarc,1
plataforma,plataform,1
infecção,infecca,1
desesperado,desesperad,1
conforto,confort,1
espiritual,espiritual,1
cantor,cantor,1
sotaque,sotaqu,1
noção,noca,1
aluno,alun,1
metrô,metr,1
promotoria,promotori,1
bandido,bandid,1
máxima,maxim,1
rancho,ranch,1
xadrez,xadrez,1
esconderijo,esconderij,1
demitir,demit,1
dúzia,duzi,1
recuperação,recuper,1
terça,terc,1
forçar,forc,1
eletricidade,eletric,1
munição,mun,1
abandonado,abandonad,1
cenário,cenari,1
justa,just,1
misterioso,mister,1
colher,colh,1
dieta,diet,1
hábito,habit,1
produtor,produtor,1
unir,unir,1
desconfortável,desconfort,1
tomado,tomad,1
rastrear,rastre,1
saltar,salt,1
escândalo,escandal,1
fontes,fontes,1
escravo,escrav,1
cirurgião,cirurgia,1
protocolo,protocol,1
chata,chat,1
aproximadamente,aproximad,1
bens,bens,1
explorar,explor,1
pulmões,pulmoes,1
formatura,format,1
radar,radar,1
alívio,alivi,1
brinca,brinc,1
beira,beir,1
macho,mach,1
surra,surr,1
suporte,suport,1
exceção,exceca,1
leal,leal,1
rolar,rol,1
perspectiva,perspect,1
dada,dada,1
apetite,apetit,1
informante,informant,1
acostumar,acostum,1
ritual,ritual,1
altamente,alta,1
ferimento,feriment,1
deusa,deus,1
texto,text,1
corretamente,corret,1
colapso,colaps,1
queimado,queimad,1
lucro,lucr,1
desenvolvimento,desenvolv,1
método,metod,1
concerto,concert,1
importe,import,1
cruzar,cruz,1
campeonato,campeonat,1
orçamento,orcament,1
chute,chut,1
dignidade,dign,1
equilíbrio,equilibri,1
arriscado,arriscad,1
bloco,bloc,1
damas,damas,1
oposto,opost,1
poesia,poesi,1
estelar,estelar,1
remover,remov,1
gota,gota,1
terapeuta,terapeut,1
pensão,pensa,1
liberar,liber,1
celeiro,celeir,1
réu,reu,1
república,republ,1
bacon,bacon,1
nu,nu,1
desgraça,desgrac,1
praça,prac,1
medalha,medalh,1
ministério,ministeri,1
gravidez,gravidez,1
poema,poem,1
franco,franc,1
cocô,coco,1
massagem,massagem,1
papelada,papelad,1
nuvem,nuvem,1
amigável,amig,1
manual,manual,1
sugestão,sugesta,1
assegurar,assegur,1
japonês,japones,1
irritante,irritant,1
cinza,cinz,1
carrinho,carr,1
embaixada,embaixad,1
marcha,march,1
estrangeiro,estrang,1
retrato,retrat,1
mansão,mansa,1
chuveiro,chuv,1
típico,tipic,1
ilusão,ilusa,1
encantador,encant,1
gordura,gord,1
doida,doid,1
coberto,cobert,1
blusa,blus,1
proprietário,propriet,1
galáxia,galaxi,1
cadeiras,cadeiras,1
curva,curv,1
observação,observ,1
faixa,faix,1
acostumado,acostumad,1
forçado,forcad,1
ligada,ligad,1
inspiração,inspir,1
trabalhado,trabalhad,1
mundos,mundos,1
sumir,sum,1
forno,forn,1
arrogante,arrogant,1
trair,tra,1
específico,especif,1
ninho,ninh,1
recolher,recolh,1
nojo,nojo,1
piorar,pior,1
magnífico,magnif,1
vendido,vendid,1
martelo,martel,1
máfia,mafi,1
comércio,comerci,1
saudade,saudad,1
atacado,atacad,1
punição,pun,1
abuso,abus,1
botar,bot,1
boate,boat,1
agulha,agulh,1
comunicar,comunic,1
apontar,apont,1
camiseta,camiset,1
caminhonete,caminhonet,1
cretino,cretin,1
country,country,1
argumento,argument,1
mancha,manch,1
competir,compet,1
grito,grit,1
alfa,alfa,1
feriado,feriad,1
avançar,avanc,1
erva,erva,1
rifle,rifl,1
permanente,permanent,1
educado,educad,1
delegado,delegad,1
refém,refem,1
vaso,vaso,1
compaixão,compaixa,1
engenheiro,engenh,1
opa,opa,1
biscoito,biscoit,1
blá,bla,1
sonhar,sonh,1
renda,rend,1
doloroso,dolor,1
descrever,descrev,1
simpático,simpat,1
sino,sino,1
duelo,duel,1
obras,obras,1
ópera,oper,1
legista,legist,1
baixar,baix,1
pilha,pilh,1
examinar,examin,1
tonto,tont,1
assento,assent,1
torneio,tornei,1
garçonete,garconet,1
gaveta,gavet,1
inferior,inferior,1
avaliação,aval,1
oração,oraca,1
cassino,cassin,1
carinho,carinh,1
evolução,evoluca,1
bigode,bigod,1
empregado,empregad,1
aspecto,aspect,1
fluxo,flux,1
respeitar,respeit,1
avenida,avenid,1
crítica,crit,1
desperdício,desperdici,1
deitado,deitad,1
desfile,desfil,1
bingo,bing,1
pesca,pesc,1
preencher,preench,1
alimento,aliment,1
completar,complet,1
lanterna,lantern,1
conselheiro,conselh,1
apelido,apelid,1
recebido,recebid,1
esquema,esquem,1
cobrar,cobr,1
demasiado,demasiad,1
temer,tem,1
confidencial,confidencial,1
trevas,trevas,1
sequestro,sequestr,1
oficina,oficin,1
precisamente,precis,1
cavar,cav,1
macarrão,macarra,1
ácido,acid,1
abraçar,abrac,1
espalhar,espalh,1
flash,flash,1
empurrar,empurr,1
residência,resid,1
greve,grev,1
conquistar,conquist,1
submarino,submarin,1
apaixonar,apaixon,1
elogio,elogi,1
imediato,imediat,1
princípios,principios,1
padrinho,padr,1
campus,campus,1
reabilitação,reabilit,1
bife,bife,1
expressar,express,1
noivado,noivad,1
enterrar,enterr,1
lança,lanc,1
ajudado,ajudad,1
lutador,lutador,1
derrota,derrot,1
instituto,institut,1
tumor,tumor,1
banana,banan,1
propaganda,propagand,1
refrigerante,refrigerant,1
duque,duqu,1
herança,heranc,1
jura,jura,1
marcado,marcad,1
lenço,lenc,1
localizar,localiz,1
incapaz,incapaz,1
armadura,armad,1
enfiar,enfi,1
aéreo,aere,1
distintivo,distint,1
empresário,empres,1
mordida,mordid,1
armada,armad,1
executar,execut,1
dentista,dent,1
impressionar,impression,1
fundação,fund,1
produzir,produz,1
galeria,galeri,1
estágio,estagi,1
fogueira,fogu,1
analisar,analis,1
lanche,lanch,1
microfone,microfon,1
pus,pus,1
depressão,depressa,1
gelado,gelad,1
recusa,recus,1
perseguição,perseg,1
psicopata,psicopat,1
representante,representant,1
are,are,1
crescimento,cresc,1
pressentimento,pressent,1
editor,editor,1
alugar,alug,1
década,decad,1
faminto,famint,1
obrigação,obrig,1
digno,dign,1
investimento,invest,1
jazz,jazz,1
enfermaria,enferm,1
lavanderia,lavanderi,1
diminuir,diminu,1
necessária,necess,1
comédia,comedi,1
associação,assoc,1
eliminado,eliminad,1
precioso,prec,1
fisicamente,fisic,1
objeção,objeca,1
ausência,ausenci,1
lâmina,lamin,1
coitado,coitad,1
cuidadoso,cuidad,1
rastro,rastr,1
concentração,concentr,1
adequado,adequad,1
carrega,carreg,1
valioso,vali,1
testa,test,1
elefante,elefant,1
atrair,atra,1
expulso,expuls,1
varanda,varand,1
núcleo,nucle,1
masculino,masculin,1
estabelecer,estabelec,1
impulso,impuls,1
trancado,trancad,1
cúmplice,cumplic,1
queima,queim,1
consideração,consider,1
canhão,canha,1
quartel,quartel,1
maneiro,maneir,1
recomeçar,recomec,1
frágil,fragil,1
clã,cla,1
engenharia,engenh,1
demissão,demissa,1
necessariamente,necessar,1
moderno,modern,1
liberado,liberad,1
significar,signific,1
ciclo,cicl,1
determinar,determin,1
compensar,compens,1
debate,debat,1
capacete,capacet,1
órbita,orbit,1
cega,cega,1
atração,atr,1
anunciar,anunci,1
estupidez,estupidez,1
desaparecimento,desaparec,1
honrado,honrad,1
encrenca,encrenc,1
democracia,democraci,1
escolar,escolar,1
girl,girl,1
pátio,pati,1
cicatriz,cicatriz,1
consciente,conscient,1
obedecer,obedec,1
bloqueio,bloquei,1
inicial,inicial,1
ocidental,ocidental,1
corrigir,corrig,1
reta,reta,1
sapo,sapo,1
comido,comid,1
podre,podr,1
funcionário,funcion,1
obcecado,obcecad,1
guitarra,guitarr,1
fusão,fusa,1
cortado,cortad,1
molhado,molhad,1
khan,khan,1
desespero,desesper,1
acender,acend,1
lésbica,lesb,1
injusto,injust,1
mantido,mantid,1
desligado,desligad,1
disposição,dispos,1
bosque,bosqu,1
pervertido,pervertid,1
balde,bald,1
chique,chiqu,1
mocinha,mocinh,1
amendoim,amendoim,1
conveniente,convenient,1
comportar,comport,1
retirada,retirad,1
sacola,sacol,1
envelope,envelop,1
desconto,descont,1
expor,expon,1
humilde,humild,1
capturar,captur,1
fatal,fatal,1
comentário,coment,1
sobra,sobr,1
fox,fox,1
protetor,protetor,1
certificar,certific,1
tráfico,traf,1
limão,lima,1
fórmula,formul,1
modos,modos,1
aprovação,aprov,1
tornado,tornad,1
mijar,mij,1
zoológico,zoolog,1
constantemente,constant,1
suma,suma,1
foguete,foguet,1
ego,ego,1
líquido,liquid,1
gatinho,gatinh,1
mergulho,mergulh,1
distração,distr,1
notado,notad,1
gesto,gest,1
cabra,cabr,1
hambúrguer,hamburguer,1
filosofia,filosofi,1
interno,intern,1
particularmente,particular,1
operar,oper,1
disputa,disput,1
lógico,logic,1
contador,cont,1
prosseguir,prossegu,1
inventar,invent,1
volume,volum,1
calcinha,calc,1
ofensa,ofens,1
queixo,queix,1
perseguir,persegu,1
envergonhado,envergonhad,1
autor,autor,1
laser,laser,1
mensageiro,mensag,1
gripe,grip,1
marinheiro,marinh,1
pirata,pirat,1
aves,aves,1
cesta,cest,1
cal,cal,1
performance,performanc,1
vulnerável,vulner,1
multa,mult,1
colo,colo,1
charme,charm,1
quantia,quanti,1
cobertor,cobertor,1
dominar,domin,1
hemorragia,hemorragi,1
fôlego,foleg,1
telegrama,telegram,1
santuário,sant,1
demonstrar,demonstr,1
determinado,determinad,1
salvação,salv,1
intenso,intens,1
atrapalhar,atrapalh,1
privilégio,privilegi,1
cano,cano,1
justamente,just,1
roubada,roubad,1
veste,vest,1
desperdiçar,desperdic,1
conduzir,conduz,1
lápis,lapis,1
interferir,interfer,1
chover,chov,1
torcida,torcid,1
noticiário,notic,1
balcão,balca,1
churrasco,churrasc,1
pneu,pneu,1
estadual,estadual,1
sindicato,sindicat,1
ida,ida,1
leilão,leila,1
malvado,malvad,1
fera,fera,1
protegido,protegid,1
raramente,rara,1
necrotério,necroteri,1
dobra,dobr,1
mole,mole,1
pântano,pantan,1
junta,junt,1
marrom,marrom,1
fritas,fritas,1
elemento,element,1
vapor,vapor,1
ninja,ninj,1
tímido,timid,1
fumo,fumo,1
zumbi,zumb,1
surdo,surd,1
cozinheiro,cozinh,1
mecânico,mecan,1
potência,potenci,1
piso,piso,1
comunista,comun,1
ave,ave,1
cooperar,cooper,1
rebelde,rebeld,1
sóbrio,sobri,1
profundidade,profund,1
planejar,planej,1
construído,construid,1
perímetro,perimetr,1
tradicional,tradicional,1
reduzir,reduz,1
lavagem,lavagem,1
namoro,namor,1
morro,morr,1
resgatar,resgat,1
correspondência,correspond,1
violação,viol,1
bocado,bocad,1
registrado,registrad,1
avisado,avisad,1
carroça,carroc,1
agradar,agrad,1
susto,sust,1
telefonar,telefon,1
tráfego,trafeg,1
básico,basic,1
despedido,despedid,1
sobretudo,sobretud,1
elite,elit,1
lava,lava,1
ficção,ficca,1
carvão,carva,1
verdadeiramente,verdadeir,1
especificamente,especific,1
grita,grit,1
vigiar,vigi,1
sugerir,suger,1
atuar,atu,1
pelotão,pelota,1
injeção,injeca,1
rodovia,rodovi,1
factor,factor,1
crítico,crit,1
seda,seda,1
escolho,escolh,1
traseira,tras,1
tenda,tend,1
postal,postal,1
cristão,crista,1
desenhar,desenh,1
arco,arco,1
feijão,feija,1
farsa,fars,1
separação,separ,1
bastão,basta,1
boneco,bonec,1
inevitável,inevit,1
referência,refer,1
filmagem,filmagem,1
essencial,essencial,1
espadas,espadas,1
terrivelmente,terr,1
cortesia,cortesi,1
véspera,vesper,1
tartaruga,tartarug,1
boom,boom,1
honestidade,honest,1
voluntário,volunt,1
sótão,sota,1
engolir,engol,1
instrumento,instrument,1
teimoso,teim,1
fruta,frut,1
extremo,extrem,1
cauda,caud,1
prefeitura,prefeit,1
quarenta,quarent,1
coca,coca,1
gancho,ganch,1
mona,mona,1
abaixar,abaix,1
substituto,substitut,1
seriamente,seri,1
tampa,tamp,1
poupar,poup,1
take,take,1
bônus,bonus,1
boliche,bolich,1
vazamento,vazament,1
vital,vital,1
margem,margem,1
ria,ria,1
gratidão,gratida,1
disciplina,disciplin,1
guardião,guardia,1
ajudante,ajudant,1
delicado,delicad,1
treinando,treinand,1
farto,fart,1
encarregado,encarregad,1
informe,inform,1
mito,mito,1
home,home,1
dimensão,dimensa,1
enterro,enterr,1
asilo,asil,1
sutiã,suti,1
morder,mord,1
aborto,abort,1
convenção,convenca,1
brilhar,brilh,1
falecido,falecid,1
fardo,fard,1
criador,cri,1
urina,urin,1
contratado,contratad,1
campainha,camp,1
back,back,1
pôquer,poquer,1
selo,selo,1
instável,inst,1
estória,estori,1
punho,punh,1
maleta,malet,1
lâmpada,lampad,1
cercado,cercad,1
diagnóstico,diagnost,1
assistência,assist,1
assinado,assinad,1
legado,legad,1
cortina,cortin,1
drogado,drogad,1
fotógrafo,fotograf,1
borracha,borrach,1
legalmente,legal,1
pia,pia,1
tolice,tolic,1
careca,carec,1
hipótese,hipotes,1
desfazer,desfaz,1
manutenção,manutenca,1
maldade,maldad,1
restante,restant,1
levada,levad,1
set,set,1
continente,continent,1
sermão,serma,1
caçada,cacad,1
espetacular,espetacular,1
conduta,condut,1
volante,volant,1
indivíduo,individu,1
irritar,irrit,1
ansiedade,ansiedad,1
conteúdo,conteud,1
ventos,ventos,1
salsicha,salsich,1
fada,fada,1
circuito,circuit,1
balão,bala,1
fêmea,feme,1
vilão,vila,1
orfanato,orfanat,1
suíte,suit,1
fresca,fresc,1
nazista,nazist,1
temporário,tempor,1
bico,bico,1
acusar,acus,1
essência,essenci,1
doçura,docur,1
fúria,furi,1
atuação,atu,1
demonstração,demonstr,1
lesão,lesa,1
mudo,mudo,1
bote,bote,1
transferido,transferid,1
calada,calad,1
moleque,molequ,1
insano,insan,1
defeito,defeit,1
combater,combat,1
homenagem,homenagem,1
torcer,torc,1
ferrado,ferrad,1
estoque,estoqu,1
lanchonete,lanchonet,1
desenvolver,desenvolv,1
questionar,question,1
herdeiro,herd,1
especialidade,especial,1
ginásio,ginasi,1
treinado,treinad,1
consultório,consultori,1
filhote,filhot,1
aquecimento,aquec,1
gerador,gerador,1
cheirar,cheir,1
farmácia,farmaci,1
acidentalmente,acidental,1
grego,greg,1
tornozelo,tornozel,1
madre,madr,1
notável,notavel,1
recuar,recu,1
magoar,mago,1
provocar,provoc,1
jato,jato,1
ambição,amb,1
tapa,tapa,1
item,item,1
batom,batom,1
categoria,categori,1
loteria,loteri,1
envergonhar,envergonh,1
boxe,boxe,1
declarar,declar,1
pazes,pazes,1
burra,burr,1
recibo,recib,1
trabalhador,trabalh,1
sacrificar,sacrific,1
mercadoria,mercadori,1
cometa,comet,1
fundamental,fundamental,1
gole,gole,1
óptimo,optim,1
soro,soro,1
preciosa,prec,1
bancar,banc,1
instituição,instit,1
dificilmente,dificil,1
cueca,cuec,1
colete,colet,1
gelada,gelad,1
chiclete,chiclet,1
brutal,brutal,1
eterno,etern,1
verme,verm,1
começado,comecad,1
escova,escov,1
camarão,camara,1
entradas,entradas,1
metido,metid,1
representar,represent,1
entrado,entrad,1
suposto,supost,1
terremoto,terremot,1
colheita,colheit,1
síndrome,sindrom,1
maré,mar,1
acompanhante,acompanhant,1
fabuloso,fabul,1
encerrado,encerrad,1
integridade,integr,1
adoção,adoca,1
agarrar,agarr,1
cunhado,cunhad,1
medicação,medic,1
servo,serv,1
fugitivo,fugit,1
coral,coral,1
preferido,preferid,1
madrugada,madrugad,1
comparado,comparad,1
relacionado,relacionad,1
rim,rim,1
publicar,public,1
conter,cont,1
gaiola,gaiol,1
suor,suor,1
peruca,peruc,1
concreto,concret,1
obsessão,obsessa,1
remoto,remot,1
girar,gir,1
genética,genet,1
vício,vici,1
algodão,algoda,1
presunto,presunt,1
toco,toco,1
soar,soar,1
senado,senad,1
aberração,aberr,1
ofender,ofend,1
inseto,inset,1
del,del,1
gênero,gener,1
benefício,benefici,1
antigamente,antig,1
improvável,improv,1
pijama,pijam,1
cooperação,cooper,1
barraca,barrac,1
baixos,baixos,1
supervisor,supervisor,1
implorar,implor,1
sequência,sequ,1
fenda,fend,1
violão,viola,1
oriental,oriental,1
bênção,benca,1
racista,racist,1
embaraçoso,embarac,1
tona,tona,1
estádio,estadi,1
expedição,exped,1
massacre,massacr,1
culto,cult,1
neta,neta,1
fraternidade,fratern,1
piquenique,piqueniqu,1
paisagem,paisagem,1
surpreender,surpreend,1
pouso,pous,1
excitado,excitad,1
troféu,trofe,1
status,status,1
ceder,ced,1
pobreza,pobr,1
ativo,ativ,1
carbono,carbon,1
chupar,chup,1
contatar,contat,1
formulário,formul,1
expulsar,expuls,1
reforço,reforc,1
mexicano,mexican,1
adicionar,adicion,1
bota,bota,1
derrotado,derrotad,1
liderar,lider,1
aliviar,alivi,1
pacto,pact,1
banquete,banquet,1
adiar,adi,1
drive,driv,1
cápsula,capsul,1
magro,magr,1
entusiasmo,entusiasm,1
pousar,pous,1
detenção,detenca,1
batalhão,batalha,1
noturno,noturn,1
semelhante,semelhant,1
resfriado,resfriad,1
brilha,brilh,1
compreensão,compreensa,1
finanças,financas,1
pílula,pilul,1
sustentar,sustent,1
procurador,procur,1
músico,music,1
comboio,comboi,1
misturar,mistur,1
gol,gol,1
organizado,organizad,1
aposentar,aposent,1
integral,integral,1
laptop,laptop,1
sentimental,sentimental,1
tampouco,tampouc,1
delicada,delicad,1
perícia,perici,1
coberta,cobert,1
esperma,esperm,1
plateia,platei,1
chocante,chocant,1
muitíssimo,muitissim,1
talentoso,talent,1
aperto,apert,1
avanço,avanc,1
congelado,congelad,1
delícia,delici,1
árabe,arab,1
deprimido,deprimid,1
yang,yang,1
convincente,convincent,1
acessar,acess,1
miséria,miseri,1
lida,lida,1
pendurado,pendurad,1
prenda,prend,1
definição,defin,1
exibição,exib,1
comparar,compar,1
overdose,overdos,1
seleção,seleca,1
errar,err,1
passarinho,passar,1
trágico,trag,1
furacão,fur,1
invenção,invenca,1
imortal,imortal,1
rever,rev,1
iniciativa,iniciat,1
agitado,agitad,1
batido,batid,1
silencioso,silenc,1
financeiro,financ,1
amarrar,amarr,1
tirada,tirad,1
frequentemente,frequent,1
sangramento,sangr,1
transferir,transfer,1
formal,formal,1
célula,celul,1
preferir,prefer,1
julgado,julgad,1
orientação,orient,1
prejudicar,prejudic,1
semestre,semestr,1
corporal,corporal,1
tenso,tens,1
balanço,balanc,1
inesperado,inesperad,1
servido,servid,1
incômodo,incomod,1
cinquenta,cinquent,1
dedicado,dedicad,1
ruínas,ruinas,1
enxergar,enxerg,1
aposentadoria,aposentadori,1
agradecido,agradecid,1
guardado,guardad,1
pátria,patri,1
fina,fina,1
barril,barril,1
irlandês,irlandes,1
autorizado,autorizad,1
satisfação,satisf,1
eficiente,eficient,1
zelador,zelador,1
fechadura,fechad,1
crença,crenc,1
asa,asa,1
ciúme,cium,1
trancar,tranc,1
andado,andad,1
luva,luva,1
menu,menu,1
cuidadosamente,cuidados,1
sinos,sinos,1
agressivo,agress,1
tática,tatic,1
currículo,curricul,1
missa,miss,1
negociação,negoc,1
confirmado,confirmad,1
substância,subst,1
disfarçado,disfarcad,1
supermercado,supermercad,1
sangrar,sangr,1
pólvora,polvor,1
cachorrinho,cachorr,1
monitor,monitor,1
esforçar,esforc,1
ferramenta,ferrament,1
cometido,cometid,1
passageiro,passag,1
amarrado,amarrad,1
sabão,saba,1
enlouquecer,enlouquec,1
ajustar,ajust,1
prever,prev,1
transa,trans,1
desafiar,desafi,1
gasto,gast,1
jurar,jur,1
sobrevivente,sobrevivent,1
míssil,missil,1
dobrar,dobr,1
gorjeta,gorjet,1
exausto,exaust,1
entretenimento,entreten,1
falcão,falca,1
hóquei,hoque,1
apreciar,apreci,1
ativar,ativ,1
cancelado,cancelad,1
terrorismo,terror,1
sensual,sensual,1
esgoto,esgot,1
fornecer,fornec,1
elétrico,eletr,1
radical,radical,1
unido,unid,1
entediado,entediad,1
auxiliar,auxili,1
fazendeiro,fazend,1
laço,laco,1
lote,lote,1
perfeição,perf,1
anual,anual,1
sugar,sug,1
toa,toa,1
diploma,diplom,1
equipa,equip,1
afetar,afet,1
judicial,judicial,1
baía,baia,1
dormido,dormid,1
berço,berc,1
pipoca,pipoc,1
suicida,suicid,1
desempenho,desempenh,1
ética,etic,1
corrupção,corrupca,1
investigador,investig,1
cavalaria,caval,1
ditado,ditad,1
reflexo,reflex,1
terminal,terminal,1
vodka,vodk,1
precisão,precisa,1
risada,ris,1
sacerdote,sacerdot,1
conectar,conect,1
definir,defin,1
tequila,tequil,1
fino,fino,1
pano,pano,1
estacionar,estacion,1
sólido,solid,1
executado,executad,1
roxo,roxo,1
investir,invest,1
gravado,gravad,1
emboscada,emboscad,1
cowboy,cowboy,1
esmagar,esmag,1
doação,doaca,1
grosso,gross,1
desvio,desvi,1
imposto,impost,1
refúgio,refugi,1
leito,leit,1
precaução,precauca,1
calibre,calibr,1
calendário,calend,1
emocionalmente,emocional,1
irmandade,irmandad,1
contaria,cont,1
instalação,instal,1
rapariga,raparig,1
religioso,relig,1
perguntado,perguntad,1
avançado,avancad,1
render,rend,1
excesso,excess,1
ré,re,1
cintura,cint,1
lareira,lareir,1
abordagem,abordagem,1
combinar,combin,1
etapa,etap,1
pisar,pis,1
frito,frit,1
guiar,gui,1
animar,anim,1
semente,sement,1
afundar,afund,1
reagir,reag,1
tigela,tigel,1
extensão,extensa,1
gira,gira,1
eliminação,elimin,1
frasco,frasc,1
acelerar,aceler,1
paus,paus,1
aquecer,aquec,1
gray,gray,1
artificial,artificial,1
transplante,transplant,1
coletiva,colet,1
imenso,imens,1
pulmão,pulma,1
psicologia,psicologi,1
vivido,vivid,1
reparar,repar,1
suéter,sueter,1
pudim,pudim,1
sexto,sext,1
chumbo,chumb,1
bizarro,bizarr,1
anoitecer,anoitec,1
celebridade,celebr,1
chapa,chap,1
bandeja,bandej,1
calçada,calcad,1
avós,avos,1
confirmação,confirm,1
domínio,domini,1
conhaque,conhaqu,1
programação,program,1
exposto,expost,1
legítimo,legitim,1
arruinado,arruinad,1
conectado,conectad,1
curtir,curt,1
brisa,bris,1
êxito,exit,1
sexualmente,sexual,1
mago,mago,1
estimação,estim,1
profeta,profet,1
inteiramente,inteir,1
quarteirão,quarteira,1
acerca,acerc,1
desviar,desvi,1
auto,auto,1
fratura,frat,1
regular,regul,1
relevante,relevant,1
lateral,lateral,1
afogar,afog,1
charmoso,charm,1
mandato,mandat,1
imigração,imigr,1
comprador,compr,1
colchão,colcha,1
encerrar,encerr,1
pressionar,pression,1
eletrônica,eletron,1
perturbado,perturbad,1
despertar,despert,1
acampar,acamp,1
consolo,consol,1
imperial,imperial,1
chi,chi,1
jaula,jaul,1
envolvimento,envolv,1
galo,galo,1
maníaco,maniac,1
ruído,ruid,1
tropa,trop,1
vacina,vacin,1
crucial,crucial,1
acrescentar,acrescent,1
distrair,distra,1
tumba,tumb,1
spa,spa,1
transformação,transform,1
afastado,afastad,1
camada,camad,1
preguiçoso,preguic,1
insuportável,insuport,1
inspeção,inspeca,1
carinha,carinh,1
plantão,planta,1
doar,doar,1
mergulhar,mergulh,1
federação,feder,1
indiano,indian,1
alterar,alter,1
astro,astr,1
borda,bord,1
panela,panel,1
plantar,plant,1
falência,falenci,1
eleito,eleit,1
evidente,evident,1
atleta,atlet,1
pendurar,pendur,1
gentilmente,gentil,1
artilharia,artilh,1
religiosa,relig,1
honrar,honr,1
conferir,confer,1
ressaca,ressac,1
cera,cera,1
decoração,decor,1
consultar,consult,1
regimento,regiment,1
tronco,tronc,1
decepção,decepca,1
mecanismo,mecan,1
punk,punk,1
rebanho,rebanh,1
fenômeno,fenomen,1
carregamento,carreg,1
industrial,industrial,1
piranha,piranh,1
convés,conves,1
celebração,celebr,1
lagosta,lagost,1
romper,romp,1
negado,negad,1
boato,boat,1
arrependido,arrependid,1
whisky,whisky,1
carregado,carregad,1
vó,vo,1
queimada,queimad,1
chapado,chapad,1
off,off,1
cunhada,cunhad,1
chantagem,chantagem,1
rum,rum,1
disparo,dispar,1
melhora,melhor,1
vulcão,vulca,1
companheira,companh,1
bode,bode,1
dinamite,dinamit,1
cova,cova,1
financeira,financ,1
piscar,pisc,1
cartel,cartel,1
safar,saf,1
anormal,anormal,1
depor,depon,1
vergonhoso,vergonh,1
revólver,revolver,1
documentário,document,1
transmitir,transmit,1
jade,jade,1
game,game,1
interrogar,interrog,1
recurso,recurs,1
look,look,1
violino,violin,1
bombeiro,bomb,1
furado,furad,1
light,light,1
perito,perit,1
hostil,hostil,1
boné,bone,1
insulto,insult,1
estourar,estour,1
caderno,cadern,1
lançado,lancad,1
captura,capt,1
registrar,registr,1
arena,aren,1
tesoura,teso,1
convento,convent,1
ironia,ironi,1
parlamento,parl,1
samurai,samura,1
nega,nega,1
discreto,discret,1
lenha,lenh,1
ringue,ringu,1
andamento,andament,1
iate,iate,1
freira,freir,1
arrasar,arras,1
sonda,sond,1
velhote,velhot,1
ocupação,ocup,1
detonar,deton,1
constrangedor,constrang,1
escalar,escal,1
sensacional,sensacional,1
orquestra,orquestr,1
satisfazer,satisfaz,1
pelado,pelad,1
preparação,prepar,1
enrolar,enrol,1
íntimo,intim,1
interferência,interfer,1
diariamente,diar,1
secar,sec,1
fator,fator,1
brincos,brincos,1
enterrada,enterrad,1
freio,frei,1
salmão,salma,1
suspenso,suspens,1
merecer,merec,1
limusine,limusin,1
vômito,vomit,1
dramático,dramat,1
insanidade,insan,1
profecia,profeci,1
cafeteria,cafeteri,1
detido,detid,1
criativo,criat,1
adrenalina,adrenalin,1
ola,ola,1
agradecimento,agradec,1
balé,bale,1
biologia,biologi,1
arranjo,arranj,1
cereal,cereal,1
crack,crack,1
tribal,tribal,1
derrame,derram,1
aposentado,aposentad,1
idiotice,idiotic,1
doador,doador,1
pesquisar,pesquis,1
científico,cientif,1
irrelevante,irrelevant,1
sacanagem,sacanagem,1
pula,pula,1
bruto,brut,1
simpatia,simpati,1
explosivo,explos,1
tocado,tocad,1
ocorrido,ocorrid,1
ameaçar,ameac,1
corporação,corpor,1
camisinha,camis,1
condenação,conden,1
interpretar,interpret,1
punido,punid,1
romeu,rome,1
matador,matador,1
vagão,vaga,1
lixeira,lixeir,1
casco,casc,1
comprimento,compr,1
adversário,advers,1
servidor,serv,1
oposição,opos,1
fofa,fofa,1
arquiteto,arquitet,1
melodia,melodi,1
vodca,vodc,1
intuição,intu,1
punir,pun,1
arrastar,arrast,1
indicar,indic,1
alimentação,aliment,1
sutil,sutil,1
insistir,insist,1
insignificante,insignificant,1
monge,mong,1
memorial,memorial,1
suborno,suborn,1
rebelião,rebelia,1
ensaiar,ensai,1
trocado,trocad,1
baixinho,baix,1
pulseira,puls,1
economizar,economiz,1
atento,atent,1
porteiro,port,1
secretamente,secret,1
otimista,otim,1
naval,naval,1
comprometer,compromet,1
cócegas,cocegas,1
sushi,sush,1
participação,particip,1
reator,reator,1
suficientemente,suficient,1
ovelha,ovelh,1
grade,grad,1
comprometido,comprometid,1
adiantar,adiant,1
rolo,rolo,1
decolar,decol,1
libertação,libert,1
automático,automat,1
expresso,express,1
spray,spray,1
comandar,comand,1
lembrado,lembrad,1
serial,serial,1
controlado,controlad,1
ferrovia,ferrovi,1
letal,letal,1
arranhão,arranha,1
atalho,atalh,1
quarentena,quarenten,1
champagne,champagn,1
isolado,isolad,1
infinito,infinit,1
mademoiselle,mademoisell,1
incomodado,incomodad,1
laurel,laurel,1
jurisdição,jurisd,1
desmaiar,desmai,1
hóspede,hosped,1
pilotar,pilot,1
iluminação,ilumin,1
deputado,deputad,1
bilhão,bilha,1
regime,regim,1
suspensão,suspensa,1
comentar,coment,1
cardeal,cardeal,1
over,over,1
oponente,oponent,1
aplicar,aplic,1
artifício,artifici,1
identificado,identificad,1
altitude,altitud,1
recomendação,recomend,1
municipal,municipal,1
sucedido,sucedid,1
transportar,transport,1
gozar,goz,1
irônico,iron,1
aliado,aliad,1
crescido,crescid,1
lobisomem,lobisomem,1
pousada,pousad,1
marcial,marcial,1
reservado,reservad,1
universal,universal,1
assado,assad,1
interessar,interess,1
vice,vice,1
insensível,insens,1
rancor,rancor,1
reitor,reitor,1
abelha,abelh,1
áudio,audi,1
casual,casual,1
recém,recem,1
negativa,negat,1
primeiramente,primeir,1
consentimento,consent,1
farinha,farinh,1
quebrados,quebrados,1
baseball,baseball,1
fax,fax,1
ocupar,ocup,1
vulgar,vulgar,1
escolta,escolt,1
ocorrer,ocorr,1
hipócrita,hipocrit,1
escória,escori,1
generosidade,generos,1
espinha,espinh,1
evacuação,evac,1
coquetel,coquetel,1
abençoado,abencoad,1
tendência,tend,1
ignorante,ignorant,1
bolinho,bolinh,1
esqueleto,esquelet,1
reconhecido,reconhecid,1
desfrutar,desfrut,1
palestra,palestr,1
maestro,maestr,1
armar,arm,1
veto,veto,1
parceria,parceri,1
trigo,trig,1
isqueiro,isqu,1
autógrafo,autograf,1
penhasco,penhasc,1
armação,arm,1
cuecas,cuecas,1
atirado,atirad,1
temporal,temporal,1
atum,atum,1
comparação,compar,1
afim,afim,1
viajante,viajant,1
alcoólatra,alcoolatr,1
faltar,falt,1
governar,govern,1
contexto,context,1
isolamento,isol,1
exactamente,exact,1
antídoto,antidot,1
escondidas,escondidas,1
alpha,alph,1
cozido,cozid,1
alho,alho,1
liberação,liber,1
determinação,determin,1
sacana,sacan,1
corretor,corretor,1
avaliar,avali,1
poste,post,1
saca,saca,1
previsto,previst,1
estranhamente,estranh,1
controlo,control,1
percepção,percepca,1
racional,racional,1
manipular,manipul,1
lotado,lotad,1
trovão,trova,1
ginástica,ginast,1
reconstruir,reconstru,1
cebola,cebol,1
eficaz,eficaz,1
adiantado,adiantad,1
bolha,bolh,1
terrestre,terr,1
vencido,vencid,1
sítio,siti,1
denunciar,denunci,1
desprezível,desprez,1
formato,format,1
bloquear,bloque,1
cartaz,cartaz,1
rival,rival,1
surgir,surg,1
intervenção,intervenca,1
dormitório,dorm,1
peste,pest,1
espingarda,espingard,1
prometido,prometid,1
rígido,rigid,1
separado,separad,1
milionário,milion,1
propor,propon,1
espuma,espum,1
astronauta,astronaut,1
rap,rap,1
temperamento,temper,1
cultural,cultural,1
experiente,experient,1
tentação,tent,1
mordomo,mordom,1
mete,mete,1
obstáculo,obstacul,1
humilhação,humilh,1
latim,latim,1
assassinar,assassin,1
estábulo,estabul,1
qualificado,qualificad,1
valia,vali,1
tosse,toss,1
veterinário,veterin,1
dispensado,dispensad,1
mendigo,mendig,1
reto,reto,1
tolerar,toler,1
balançar,balanc,1
útero,uter,1
descarga,descarg,1
tédio,tedi,1
etiqueta,etiquet,1
blog,blog,1
forense,forens,1
enigma,enigm,1
postura,post,1
concluir,conclu,1
labirinto,labirint,1
visitante,visitant,1
charuto,charut,1
variar,vari,1
imundo,imund,1
intelectual,intelectual,1
exagerado,exagerad,1
estrago,estrag,1
medicamento,medic,1
repugnante,repugnant,1
assédio,assedi,1
formidável,formid,1
previsão,previsa,1
esplêndido,esplendid,1
cais,cais,1
habitual,habitual,1
encantada,encantad,1
padrasto,padrast,1
preservar,preserv,1
exploração,explor,1
distribuição,distrib,1
supor,supon,1
chester,chester,1
congelar,congel,1
pegadinha,pegad,1
soneca,sonec,1
preferência,prefer,1
anotar,anot,1
anão,anao,1
software,softwar,1
repouso,repous,1
navegar,naveg,1
motivação,motiv,1
evacuar,evacu,1
sensato,sensat,1
químico,quim,1
duvidar,duvid,1
trégua,tregu,1
planejamento,planej,1
órgão,orga,1
vilarejo,vilarej,1
perturbar,perturb,1
hipoteca,hipotec,1
humilhante,humilhant,1
danar,dan,1
abaixa,abaix,1
livraria,livr,1
respeitável,respeit,1
bum,bum,1
artéria,arteri,1
carteiro,cart,1
adotar,adot,1
divorciar,divorci,1
judia,judi,1
mula,mula,1
rodar,rod,1
virtude,virtud,1
português,portugues,1
lunar,lu,1
facilitar,facilit,1
pirâmide,piramid,1
realizado,realizad,1
ingênuo,ingenu,1
amargo,amarg,1
fruto,frut,1
ruiva,ruiv,1
matança,matanc,1
arrumado,arrumad,1
medir,med,1
eletrônico,eletron,1
incluir,inclu,1
ingresso,ingress,1
desprezo,desprez,1
festejar,festej,1
véu,veu,1
eternamente,etern,1
petição,pet,1
instalar,instal,1
limonada,limonad,1
espionagem,espionagem,1
realista,real,1
aprovado,aprovad,1
quadrado,quadrad,1
afirmativo,afirmat,1
bebido,bebid,1
virada,virad,1
alien,alien,1
suspeitar,suspeit,1
brinco,brinc,1
cereja,cerej,1
plasma,plasm,1
adaptar,adapt,1
escravidão,escravida,1
pesar,pes,1
aceitável,aceit,1
grosseiro,gross,1
amuleto,amulet,1
inaceitável,inaceit,1
facial,facial,1
visível,vis,1
residente,resident,1
formando,formand,1
balsa,bals,1
externa,extern,1
similar,simil,1
moleza,molez,1
consultor,consultor,1
caipira,caipir,1
promovido,promovid,1
aborrecido,aborrecid,1
contabilidade,cont,1
transição,trans,1
mecânica,mecan,1
fogão,foga,1
povoado,povoad,1
açougueiro,acoug,1
dramática,dramat,1
embarcar,embarc,1
compreensível,compreens,1
pinta,pint,1
terraço,terrac,1
superficial,superficial,1
canyon,canyon,1
corrupto,corrupt,1
resumo,resum,1
troque,troqu,1
injustiça,injust,1
revelação,revel,1
hospitalidade,hospital,1
garanhão,garanha,1
quadril,quadril,1
ausente,ausent,1
depender,depend,1
lamentar,lament,1
utilidade,util,1
arca,arca,1
macio,maci,1
transmissor,transmissor,1
encomenda,encomend,1
confesso,confess,1
fedor,fedor,1
feroz,feroz,1
músculo,muscul,1
veredicto,veredict,1
fracassado,fracassad,2
fachada,fachad,2
morcego,morceg,2
bronze,bronz,2
veterano,veteran,2
comanda,comand,2
exagero,exager,2
estragado,estragad,2
sétimo,setim,2
apelo,apel,2
atraído,atraid,2
prevenir,preven,2
idioma,idiom,2
grandeza,grand,2
moço,moco,2
arsenal,arsenal,2
alergia,alergi,2
arrependimento,arrepend,2
seminário,semin,2
inconveniente,inconvenient,2
editora,editor,2
desesperadamente,desesperad,2
remorso,remors,2
colisão,colisa,2
apresentador,apresent,2
obrigar,obrig,2
aguardar,aguard,2
mangueira,mang,2
coleira,coleir,2
santidade,sant,2
brigada,brigad,2
referências,refer,2
sixseven,sixseven,2
baú,bau,2
vidente,vident,2
rabino,rabin,2
prático,prat,2
licor,licor,2
loiro,loir,2
restaurar,restaur,2
manobra,manobr,2
apagado,apagad,2
mencionado,mencionad,2
milorde,milord,2
crueldade,crueldad,2
ajuste,ajust,2
torturar,tortur,2
névoa,nevo,2
gerar,ger,2
calcinhas,calc,2
jardineiro,jardin,2
bordel,bordel,2
expandir,expand,2
navegação,naveg,2
culpando,culpand,2
homossexual,homossexual,2
reportagem,reportagem,2
maricas,maricas,2
cafetão,cafeta,2
won,won,2
inofensivo,inofens,2
fecho,fech,2
católico,catol,2
triplo,tripl,2
marketing,marketing,2
vazar,vaz,2
aparelhos,aparelhos,2
viro,viro,2
prateleira,pratel,2
ranger,rang,2
dourada,dourad,2
livremente,livr,2
dedicar,dedic,2
lamentável,lament,2
engravidar,engravid,2
porção,porca,2
aspirina,aspirin,2
tomografia,tomografi,2
ofendido,ofendid,2
mentalmente,mental,2
culinária,culin,2
hobby,hobby,2
destinado,destinad,2
doméstica,domest,2
promover,promov,2
conserto,consert,2
estaca,estac,2
justificar,justific,2
urgência,urgenci,2
revolta,revolt,2
chicote,chicot,2
nomeado,nomead,2
indicação,indic,2
soma,soma,2
costura,cost,2
impaciente,impacient,2
abóbora,abobor,2
glorioso,glor,2
inscrição,inscr,2
variedade,variedad,2
chupa,chup,2
traído,traid,2
coro,coro,2
composto,compost,2
dirigido,dirigid,2
retirado,retirad,2
stop,stop,2
senhoria,senhori,2
fixo,fixo,2
suspiro,suspir,2
pegada,pegad,2
extinção,extinca,2
ciumento,ciument,2
sarro,sarr,2
móvel,movel,2
lunático,lunat,2
biológico,biolog,2
suavemente,suav,2
linhagem,linhagem,2
emenda,emend,2
ganso,gans,2
mostarda,mostard,2
abismo,abism,2
desordem,desordem,2
interpretação,interpret,2
exílio,exili,2
psicólogo,psicolog,2
crescente,crescent,2
sigilo,sigil,2
intimidade,intim,2
prostituição,prostit,2
encobrir,encobr,2
presidência,presid,2
renunciar,renunci,2
arrebentar,arrebent,2
pope,pope,2
limitado,limitad,2
too,too,2
fortemente,fort,2
arquitetura,arquitet,2
tocha,toch,2
organismo,organ,2
admirar,admir,2
encaixar,encaix,2
globo,glob,2
virgindade,virgindad,2
voador,voador,2
dançarino,dancarin,2
sensibilidade,sens,2
exigente,exigent,2
irresponsável,irrespons,2
anfitrião,anfitria,2
probabilidade,prob,2
pancada,pancad,2
subterrâneo,subterrane,2
possuir,possu,2
orar,orar,2
pônei,pone,2
mutante,mutant,2
arrogância,arrog,2
comunitário,comunit,2
post,post,2
chefão,chefa,2
elevado,elevad,2
saguão,sagua,2
excepcional,excepcional,2
ativado,ativad,2
certificado,certificad,2
ventilação,ventil,2
condicionado,condicionad,2
ladra,ladr,2
elo,elo,2
consistente,consistent,2
certidão,certida,2
esquentar,esquent,2
louça,louc,2
condutor,condutor,2
boletim,boletim,2
funcionamento,funcion,2
sujar,suj,2
palha,palh,2
picante,picant,2
sepultura,sepult,2
jurado,jurad,2
pegado,pegad,2
abortar,abort,2
virado,virad,2
gorila,goril,2
costela,costel,2
encostar,encost,2
entendimento,entend,2
skate,skat,2
refazer,refaz,2
intestino,intestin,2
facto,fact,2
farta,fart,2
regressar,regress,2
distraído,distraid,2
indicado,indicad,2
bombardeio,bombardei,2
oral,oral,2
fibra,fibr,2
fósforo,fosfor,2
aprendiz,aprendiz,2
semelhança,semelhanc,2
afirmar,afirm,2
aliviado,aliviad,2
contrabando,contraband,2
inquérito,inquerit,2
verificação,verific,2
canadense,canadens,2
contribuição,contrib,2
pontuação,pont,2
excursão,excursa,2
lema,lema,2
cessar,cess,2
novela,novel,2
refletir,reflet,2
imaginado,imaginad,2
diretoria,diretori,2
epidemia,epidemi,2
autêntico,autent,2
metáfora,metafor,2
comediante,comediant,2
largo,larg,2
brindar,brind,2
unha,unha,2
fofoca,fofoc,2
usina,usin,2
confronto,confront,2
apanhado,apanhad,2
higiênico,higien,2
polo,polo,2
tango,tang,2
publicado,publicad,2
ambicioso,ambic,2
imprudente,imprudent,2
ignorância,ignor,2
plástica,plast,2
dinossauro,dinossaur,2
predador,pred,2
supervisão,supervisa,2
avatar,avatar,2
acertado,acertad,2
proteína,protein,2
sofisticado,sofisticad,2
resistente,resistent,2
louvado,louvad,2
garantido,garantid,2
válvula,valvul,2
negação,neg,2
agitação,agit,2
entrevistar,entrevist,2
expansão,expansa,2
decepcionar,decepcion,2
rush,rush,2
relâmpago,relampag,2
virtual,virtual,2
sênior,senior,2
morango,morang,2
constar,const,2
garfo,garf,2
estadia,estadi,2
ruína,ruin,2
intruso,intrus,2
maratona,maraton,2
europeu,europe,2
anônimo,anonim,2
reza,reza,2
circulação,circul,2
frita,frit,2
hospício,hospici,2
formado,formad,2
aquecedor,aquec,2
agressor,agressor,2
reclamação,reclam,2
desnecessário,desnecess,2
confundir,confund,2
tese,tese,2
encanador,encan,2
programado,programad,2
golfo,golf,2
devoção,devoca,2
fiscal,fiscal,2
parcial,parcial,2
eco,eco,2
magoado,magoad,2
ofensiva,ofens,2
feiticeiro,feitic,2
empurra,empurr,2
catástrofe,catastrof,2
âncora,ancor,2
automóvel,automovel,2
rumor,rumor,2
retomar,retom,2
submundo,submund,2
ameaçado,ameacad,2
aperta,apert,2
trapaceiro,trapac,2
quilo,quil,2
coletar,colet,2
discrição,discr,2
cardápio,cardapi,2
dividido,dividid,2
reverter,revert,2
alérgico,alerg,2
defensor,defensor,2
cruzamento,cruz,2
tremer,trem,2
sogra,sogr,2
vago,vago,2
bundão,bunda,2
esfriar,esfri,2
inauguração,inaugur,2
consumo,consum,2
auge,auge,2
arredores,arredores,2
temporariamente,temporar,2
karma,karm,2
restrição,restr,2
deixada,deixad,2
espanhola,espanhol,2
empate,empat,2
arremesso,arremess,2
esposo,espos,2
tambor,tambor,2
relatar,relat,2
ganância,gananci,2
torrada,torrad,2
agonia,agoni,2
módulo,modul,2
aprovar,aprov,2
terço,terc,2
juntamente,junt,2
rasgar,rasg,2
regularmente,regular,2
alojamento,aloj,2
iminente,iminent,2
polegar,polegar,2
fuzileiro,fuzil,2
frios,frios,2
mérito,merit,2
doentio,doenti,2
afeto,afet,2
ante,ante,2
marechal,marechal,2
mostrado,mostrad,2
jipe,jipe,2
trator,trator,2
veia,veia,2
minhoca,minhoc,2
atentado,atentad,2
roupão,roupa,2
rejeitado,rejeitad,2
comunicado,comunicad,2
extrair,extra,2
valha,valh,2
imóvel,imovel,2
gravadora,grav,2
detector,detector,2
comporta,comport,2
utilizar,utiliz,2
sequestrado,sequestrad,2
acelerador,aceler,2
administrar,administr,2
simulação,simul,2
embarque,embarqu,2
pálido,palid,2
deliberadamente,deliberad,2
vereador,vere,2
expectativa,expectat,2
fatia,fati,2
analisando,analisand,2
camarim,camarim,2
celestial,celestial,2
perdoado,perdoad,2
província,provinci,2
impor,impon,2
recepcionista,recepcion,2
corro,corr,2
enforcar,enforc,2
sinceridade,sincer,2
sinistro,sinistr,2
apto,apto,2
desarmado,desarmad,2
hacker,hacker,2
muralha,muralh,2
lamber,lamb,2
conviver,conviv,2
cuspir,cusp,2
apresentado,apresentad,2
genro,genr,2
verso,vers,2
imprevisível,imprevis,2
barman,barman,2
estritamente,estrit,2
concorrência,concorr,2
luar,luar,2
violar,viol,2
lulu,lulu,2
circular,circul,2
retribuir,retribu,2
ousado,ousad,2
paletó,palet,2
evidentemente,evident,2
danificado,danificad,2
respeitado,respeitad,2
yoga,yoga,2
catedral,catedral,2
correção,correca,2
inapropriado,inapropriad,2
link,link,2
negligência,neglig,2
individual,individual,2
call,call,2
beta,beta,2
composição,compos,2
credibilidade,cred,2
sofrido,sofrid,2
parasita,parasit,2
live,live,2
genético,genet,2
publicamente,public,2
estréia,estrei,2
psicológico,psicolog,2
exigir,exig,2
brandy,brandy,2
legião,legia,2
perturbador,perturb,2
economias,economias,2
proveito,proveit,2
ventre,ventr,2
hálito,halit,2
madrasta,madrast,2
denúncia,denunci,2
apavorado,apavorad,2
inspirado,inspirad,2
recorrer,recorr,2
sudoeste,sudoest,2
ignição,ign,2
detectar,detect,2
cavalgar,cavalg,2
escape,escap,2
percorrer,percorr,2
derramar,derram,2
pose,pose,2
espaguete,espaguet,2
instrutor,instrutor,2
finale,final,2
esfera,esfer,2
dispensar,dispens,2
realização,realiz,2
madrinha,madr,2
paranóico,paran,2
igualdade,igualdad,2
csi,csi,2
humilhar,humilh,2
galho,galh,2
medalhão,medalha,2
matrimônio,matrimoni,2
cru,cru,2
apodrecer,apodrec,2
seduzir,seduz,2
manto,mant,2
desvantagem,desvantagem,2
trava,trav,2
cimento,ciment,2
arranjado,arranjad,2
agitar,agit,2
insultar,insult,2
cansativo,cansat,2
plantação,plant,2
tropical,tropical,2
stress,stress,2
peculiar,peculiar,2
prego,preg,2
compartimento,compart,2
exemplar,exempl,2
riacho,rio,2
copa,copa,2
admirável,admir,2
coitada,coitad,2
casinha,casinh,2
intrometer,intromet,2
tijolo,tijol,2
crocodilo,crocodil,2
soda,soda,2
erupção,erupca,2
sobrenatural,sobrenatural,2
alertar,alert,2
infarto,infart,2
desempregado,desempregad,2
concorrer,concorr,2
coruja,coruj,2
trenó,tren,2
valentão,valenta,2
coleta,colet,2
removido,removid,2
facilidade,facil,2
baita,bait,2
automaticamente,automatic,2
dakota,dakot,2
cordão,corda,2
adaptação,adapt,2
câmaras,camaras,2
tóxico,toxic,2
observado,observad,2
infernal,infernal,2
panda,pand,2
abatido,abatid,2
peão,peao,2
gravador,grav,2
giro,giro,2
impecável,impec,2
imitação,imit,2
originalmente,original,2
escotilha,escotilh,2
operador,oper,2
interruptor,interruptor,2
detective,detectiv,2
donzela,donzel,2
invencível,invenc,2
cumprimentar,cumpriment,2
agricultura,agricult,2
infantaria,infant,2
faraó,fara,2
envelhecer,envelhec,2
revelado,revelad,2
noroeste,noroest,2
sudeste,sudest,2
tonelada,tonelad,2
antena,anten,2
protótipo,prototip,2
dilema,dilem,2
riso,ris,2
presidencial,presidencial,2
aplicativo,aplicat,2
sabido,sabid,2
fralda,frald,2
fornecedor,fornec,2
filé,file,2
ereção,ereca,2
ajeitar,ajeit,2
furo,furo,2
entediante,entediant,2
equação,equ,2
surto,surt,2
associado,associad,2
vibração,vibr,2
balística,balist,2
prancha,pranch,2
pulo,pulo,2
esponja,esponj,2
capuz,capuz,2
escultura,escult,2
mobília,mobili,2
esportivo,esport,2
catálogo,catalog,2
representação,represent,2
cenoura,ceno,2
artístico,artist,2
punhado,punhad,2
strike,strik,2
mandíbula,mandibul,2
gravemente,grav,2
derreter,derret,2
caneca,canec,2
reich,reich,2
sanguínea,sanguine,2
decência,decenci,2
baunilha,baunilh,2
turco,turc,2
detonador,deton,2
nuca,nuca,2
dedicação,dedic,2
infiltrado,infiltrad,2
superintendente,superintendent,2
abdômen,abdomen,2
observador,observ,2
vassoura,vass,2
ocasionalmente,ocasional,2
moinho,moinh,2
medula,medul,2
inventário,invent,2
reportar,report,2
deslumbrante,deslumbrant,2
choi,choi,2
picles,picles,2
motim,motim,2
dental,dental,2
patente,patent,2
recordo,record,2
ronda,rond,2
reviver,reviv,2
cachimbo,cachimb,2
gin,gin,2
ruptura,rupt,2
ressonância,resson,2
equivalente,equivalent,2
avental,avental,2
degrau,degra,2
anomalia,anomali,2
escocês,escoces,2
revolucionário,revolucion,2
estibordo,estibord,2
intensidade,intens,2
grega,greg,2
narrador,narr,2
nico,nico,2
tarado,tarad,2
designado,designad,2
duma,duma,2
pregar,preg,2
cansar,cans,2
picada,picad,2
compatível,compat,2
impostor,impostor,2
adquirir,adquir,2
porca,porc,2
barulhento,barulhent,2
bumbum,bumbum,2
caubói,caubo,2
destruidor,destr,2
demanda,demand,2
janta,jant,2
frustrado,frustrad,2
acompanhado,acompanhad,2
provado,provad,2
alimentando,alimentand,2
afetado,afetad,2
cotovelo,cotovel,2
dita,dita,2
encosta,encost,2
garra,garr,2
chanceler,chanceler,2
úmido,umid,2
filtro,filtr,2
morena,moren,2
duende,duend,2
distribuir,distribu,2
retaguarda,retaguard,2
perseguido,perseguid,2
banca,banc,2
pombo,pomb,2
divulgar,divulg,2
condenar,conden,2
placar,placar,2
clareza,clar,2
natação,nat,2
banqueiro,banq,2
lila,lila,2
revistar,revist,2
irracional,irracional,2
meigo,meig,2
freezer,freezer,2
relaxado,relaxad,2
eixo,eixo,2
preliminares,preliminares,2
malandro,malandr,2
diligência,dilig,2
amnésia,amnesi,2
transação,trans,2
abertamente,abert,2
redação,red,2
páreo,pare,2
escurecer,escurec,2
suar,suar,2
trajetória,trajetori,2
geléia,gelei,2
esqui,esqu,2
web,web,2
cercada,cercad,2
décimo,decim,2
caseiro,cas,2
descida,descid,2
irado,irad,2
exclusivo,exclus,2
cancelada,cancelad,2
imitar,imit,2
exibir,exib,2
tabela,tabel,2
citar,cit,2
relativamente,relativ,2
congressista,congress,2
aproximação,aproxim,2
umidade,umidad,2
revisar,revis,2
dinâmica,dinam,2
anestesia,anestesi,2
sessenta,sessent,2
transe,trans,2
comemoração,comemor,2
providenciar,providenci,2
costurar,costur,2
carrego,carreg,2
holandês,holandes,2
ofensivo,ofens,2
resolução,resoluca,2
emocionado,emocionad,2
pequenino,pequenin,2
sueco,suec,2
animação,anim,2
diálogo,dialog,2
percurso,percurs,2
recordar,record,2
financiamento,financ,2
aleijado,aleijad,2
fotografar,fotograf,2
chatear,chate,2
preliminar,preliminar,2
calmamente,calm,2
experimental,experimental,2
permanentemente,permanent,2
pneumonia,pneumoni,2
barbear,barbe,2
aprontar,apront,2
porte,port,2
converter,convert,2
email,email,2
tinto,tint,2
concorrente,concorrent,2
papagaio,papagai,2
concentrado,concentrad,2
lares,lares,2
creche,crech,2
acerto,acert,2
alugado,alugad,2
flauta,flaut,2
fidelidade,fidel,2
camisola,camisol,2
plenamente,plen,2
pintado,pintad,2
universitário,universit,2
enfermeiro,enferm,2
tumulto,tumult,2
curry,curry,2
ardente,ardent,2
smoking,smoking,2
rendição,rend,2
artefato,artefat,2
operacional,operacional,2
metralhadora,metralh,2
magnético,magnet,2
administrador,administr,2
saliva,saliv,2
bruxaria,brux,2
traço,trac,2
cruzado,cruzad,2
órfão,orfa,2
asma,asma,2
decifrar,decifr,2
horrores,horrores,2
estabilidade,estabil,2
escoteiro,escot,2
grandioso,grand,2
gêmeo,geme,2
admissão,admissa,2
partilhar,partilh,2
dispor,dispon,2
hino,hino,2
sêmen,semen,2
chaminé,chamin,2
evitado,evitad,2
extraterrestre,extraterrestr,2
pêssego,pesseg,2
gabar,gab,2
monumento,monument,2
esvaziar,esvazi,2
descartar,descart,2
coxa,coxa,2
compositor,compositor,2
omelete,omelet,2
advertência,advert,2
muçulmano,muculman,2
discordar,discord,2
saque,saqu,2
greta,gret,2
cantina,cantin,2
patife,patif,2
camelo,camel,2
traduzir,traduz,2
gelatina,gelatin,2
transformado,transformad,2
torpedo,torped,2
hangar,hangar,2
ventilador,ventil,2
cristianismo,cristian,2
designer,designer,2
bridge,bridg,2
torneira,torn,2
rampa,ramp,2
surpreendentemente,surpreendent,2
redução,reduca,2
derrubado,derrubad,2
acidental,acidental,2
mordido,mordid,2
radiante,radiant,2
eminência,emin,2
incentivo,incent,2
atualizar,atualiz,2
lisonjeado,lisonjead,2
alavanca,alavanc,2
tacada,tacad,2
essencialmente,essencial,2
argumentar,argument,2
transtorno,transtorn,2
rima,rima,2
adicional,adicional,2
clichê,clich,2
espectro,espectr,2
excitação,excit,2
participante,participant,2
comprido,comprid,2
implacável,implac,2
madura,madur,2
pelada,pelad,2
alturas,alturas,2
aplicação,aplic,2
poltrona,poltron,2
pata,pata,2
vocal,vocal,2
comerciante,comerciant,2
refeitório,refeitori,2
centímetro,centimetr,2
empolgante,empolgant,2
imobiliário,imobil,2
fabricante,fabricant,2
crachá,crach,2
tolerância,toler,2
criatividade,criativ,2
matriz,matriz,2
nobel,nobel,2
rejeição,reje,2
ilegalmente,ilegal,2
luca,luca,2
taxista,taxist,2
aeronave,aeronav,2
concussão,concussa,2
queimadura,queimad,2
diária,diari,2
metanfetamina,metanfetamin,2
múmia,mumi,2
extorsão,extorsa,2
sincronização,sincroniz,2
agi,agi,2
êxtase,extas,2
ioga,ioga,2
fluido,fluid,2
fundador,fund,2
maternidade,matern,2
conceder,conced,2
gueto,guet,2
subsolo,subsol,2
menta,ment,2
hippie,hippi,2
governanta,governant,2
isolar,isol,2
republicano,republican,2
telefonista,telefon,2
barbeiro,barb,2
quadrante,quadrant,2
abundância,abund,2
alterado,alterad,2
orgulhar,orgulh,2
sogro,sogr,2
alfândega,alfandeg,2
turista,turist,2
hétero,heter,2
baralho,baralh,2
tai,tai,2
pelúcia,peluci,2
ânimo,anim,2
uva,uva,2
copiar,copi,2
montagem,montagem,2
corregedoria,corregedori,2
flexível,flex,2
soja,soja,2
comovente,comovent,2
recuperado,recuperad,2
curativo,curat,2
nomear,nome,2
exibido,exibid,2
aroma,arom,2
analista,anal,2
atendimento,atend,2
prime,prim,2
soletrar,soletr,2
colaboração,colabor,2
imprimir,imprim,2
almofada,almofad,2
adega,adeg,2
impedido,impedid,2
sereia,serei,2
burrice,burric,2
ensinado,ensinad,2
vigarista,vigar,2
estudantil,estudantil,2
entregador,entreg,2
rapazinho,rapa,2
obscuro,obscur,2
neblina,neblin,2
asiático,asiat,2
pleno,plen,2
circunstância,circunst,2
misturado,misturad,2
criticar,critic,2
bravura,brav,2
refrescar,refresc,2
habilitação,habilit,2
feno,feno,2
purê,pure,2
previsível,previs,2
atencioso,atenc,2
erguida,erguid,2
oculto,ocult,2
graduação,grad,2
vala,vala,2
mijo,mijo,2
diversos,diversos,2
dicionário,dicion,2
imortalidade,imortal,2
introdução,introduca,2
caviar,caviar,2
subconsciente,subconscient,2
atualização,atualiz,2
caçula,cacul,2
zoom,zoom,2
vegetal,vegetal,2
psiquiátrico,psiquiatr,2
vácuo,vacu,2
trapaça,trapac,2
passarela,passarel,2
intacto,intact,2
carpete,carpet,2
cúpula,cupul,2
infiel,infiel,2
cachecol,cachecol,2
ceia,ceia,2
brecha,brech,2
tutor,tutor,2
monitorar,monitor,2
característica,caracterist,2
sacar,sac,2
delito,delit,2
montado,montad,2
memorando,memorand,2
convicção,convicca,2
ópio,opio,2
manifestação,manifest,2
paco,paco,2
esgotado,esgotad,2
lençol,lencol,2
descarregar,descarreg,2
extração,extr,2
exagerar,exager,2
cálculo,calcul,2
definitivo,definit,2
significativo,significat,2
capô,capo,2
arrastado,arrastad,2
vínculo,vincul,2
aspirador,aspir,2
carregador,carreg,2
comprimido,comprimid,2
recruta,recrut,2
advocacia,advocaci,2
adiantamento,adiant,2
funerária,funer,2
neném,nenem,2
aparição,apar,2
divorciado,divorciad,2
doca,doca,2
lente,lent,2
recesso,recess,2
cômodo,comod,2
promissor,promissor,2
deriva,deriv,2
descendentes,descendentes,2
caber,cab,2
parafuso,parafus,2
tórax,torax,2
angústia,angusti,2
búfalo,bufal,2
usuário,usuari,2
independentemente,independent,2
bilhar,bilhar,2
repetidamente,repetid,2
disfarçar,disfarc,2
estabelecimento,estabelec,2
manuscrito,manuscrit,2
relato,relat,2
voluntariamente,voluntar,2
avante,avant,2
tributo,tribut,2
mera,mera,2
sexualidade,sexual,2
biquíni,biquin,2
dispensa,dispens,2
antiquado,antiquad,2
